pos_group,bracket,age,pct_overall,pct_pace,pct_shooting,pct_passing,pct_dribbling,pct_defending,pct_physic,sample_size
AM,50-59,16,0.9839713666423193,0.9940801162392071,0.9865920378593043,0.9769914816254578,0.9815267158265992,0.9705755843627003,0.9740213740273549,44
AM,50-59,17,0.9895649581173146,0.9890694797828629,0.9871384916369542,0.9915007372913978,0.9901725198859138,0.9801260884432299,0.9852309493309035,419
AM,50-59,18,0.990032516164706,0.9911902309663104,0.9887421622016275,0.9896586393308954,0.9889715735218387,0.9787271948916351,0.9840262638328063,887
AM,50-59,19,0.9939964154674706,0.9917732523336066,0.9925957740788764,0.9942271791676252,0.9929502262438331,0.983050954228838,0.9884030601809562,1138
AM,50-59,20,0.9929661794151164,0.9928751003130994,0.9885991007110295,0.9929231225204815,0.9921960297252449,0.9857066630588314,0.987289323924295,867
AM,50-59,21,0.9923921535654161,0.9907290229571183,0.9915539582091035,0.9892945132587547,0.992312934610787,0.9805054703597179,0.9846614477254381,857
AM,50-59,22,0.9919024017187633,0.9905286278355384,0.9922676155272362,0.9913648940378268,0.9918346092856549,0.9738217447846385,0.9799963290173906,688
AM,50-59,23,0.9943809761582952,0.9878850314210859,0.9912001717122751,0.9937619001661023,0.9954309732580775,0.9822615054391421,0.9891094628210444,436
AM,50-59,24,0.9984626137942786,0.9921498938560528,0.9970114956505186,0.9959779277181673,0.9962892599080313,0.9800934744714694,0.9930603053583917,215
AM,50-59,25,0.9924821961568251,0.9939465925596168,0.9873413356493558,0.9882120951852545,0.9898119016860601,0.9794177161845198,0.9895788023586547,210
AM,50-59,26,0.9897546599018932,0.9847555662641344,0.9852740361835824,0.9891229472880545,0.9917317818956253,0.9625727722030524,0.9859751505394918,115
AM,50-59,27,0.9933618208812406,0.9866530931072983,0.9888752572692932,0.9892907488432195,0.9869174755789727,0.9854939194424076,0.9847239800364447,118
AM,50-59,28,0.991710523637618,0.9888014697847751,0.9899733313767095,0.9955976978657417,0.9941576349535899,0.9647777558846065,0.9885837138687266,67
AM,50-59,29,0.9962387405947981,0.9892702670234448,0.9962452329189505,0.9915271511224469,0.9930351750318264,0.9950970430846592,0.9877876050179678,70
AM,50-59,30,0.9853856796956071,0.9865443267067482,0.9646627565982404,0.9918301461020244,0.9870588710328676,0.9936064651424479,0.9959492166299164,42
AM,50-59,31,1.0,0.9837505737962359,0.996012321012321,0.9987421383647799,0.9989071038251366,0.9921254587921254,0.9951731601731602,15
AM,50-59,32,0.984684129429892,0.9520329670329669,0.9990196078431373,0.999,0.9917305236270753,0.9468228200371058,0.9533083421584674,20
AM,50-59,33,1.0,0.9903846153846154,1.0,1.0,1.0,1.0,1.0,8
AM,60-69,16,0.9196647399402907,0.9571309526247138,0.8951529140714747,0.9116693866878082,0.9084187141636467,0.8630825018725007,0.8952051018953759,13
AM,60-69,17,0.9506704126313166,0.9637683808645601,0.9396732823276431,0.9507326370885036,0.9546502751236979,0.9298477325611002,0.9375697360960477,379
AM,60-69,18,0.9591649749669133,0.9720094224391757,0.9513539202656188,0.9580440955769045,0.9642182613000483,0.9299130618484011,0.9427881961028162,1040
AM,60-69,19,0.967400632129741,0.9751391285288686,0.9599612762255555,0.9649480932232669,0.972188564437418,0.9320690145947752,0.9521490835890499,1786
AM,60-69,20,0.9774611054107881,0.979314412208999,0.970124881643477,0.9748423100405508,0.9801689307326941,0.9430039302032163,0.9613404156904791,2375
AM,60-69,21,0.9810268153650548,0.9811600115689547,0.9744955063927704,0.9784623201067055,0.9821586021374599,0.9489389196930469,0.9648718041561112,2491
AM,60-69,22,0.9842245733501723,0.9830341873380504,0.9774145151407196,0.9816528926385742,0.9841508501368873,0.9534615771872035,0.9700779326815806,2511
AM,60-69,23,0.9840250449879377,0.9803514051569552,0.9767611045618133,0.9816051486149195,0.9837087135157425,0.9483464511517056,0.968621146571789,2365
AM,60-69,24,0.9848663063101025,0.9799505603321068,0.9791150166473759,0.981778893277552,0.9836903613302884,0.9457335920980239,0.9698631442985163,2220
AM,60-69,25,0.986024282175592,0.9797250894211459,0.9798844990430576,0.9826484442155466,0.98328231076282,0.9477356407134799,0.9715742871446766,1896
AM,60-69,26,0.9840027775960672,0.9789716650496881,0.978349500223712,0.9817626733313681,0.9816044244341748,0.947894088060207,0.9716639486714449,1839
AM,60-69,27,0.9842175056832807,0.9781544747875663,0.9779642091761397,0.9821625713383598,0.9814197567839137,0.9490734104508566,0.9720130433220675,1397
AM,60-69,28,0.9821267521111008,0.9715134852104113,0.9790029155854016,0.981675568258842,0.9789078366792578,0.9532410704416819,0.97267363566341,1278
AM,60-69,29,0.9786896440768043,0.9655166099010126,0.9767160680984553,0.981724525175524,0.9732740297127789,0.959055551798249,0.9700934395291141,1016
AM,60-69,30,0.9838935364538781,0.9601358565095961,0.9801527958128711,0.9858226157837602,0.9792768911644175,0.9501184282507119,0.9764575289961283,857
AM,60-69,31,0.9811523550415838,0.9616344012726269,0.9777841647576836,0.9856156229561818,0.9785065920975309,0.9656728500961818,0.9727696477106859,554
AM,60-69,32,0.9840227702152292,0.9612129761919617,0.9833325522055791,0.9862690211609919,0.9795121064534521,0.9645201735666821,0.9774799287161153,412
AM,60-69,33,0.9879187479485998,0.9664832489824836,0.9850322186471616,0.9891677056813838,0.9849782299095255,0.9663469597982746,0.9764761036043395,340
AM,60-69,34,0.982135703581318,0.945624802532544,0.9792229416282628,0.9852775938842951,0.9832660882702859,0.9476012206117418,0.9709171578762822,182
AM,60-69,35,0.9790469828132928,0.9433777886244158,0.97707882089367,0.9866596800113502,0.9824199417378804,0.9515372087169148,0.9627608342312871,71
AM,70-79,16,0.8482990818607257,0.9108852936790522,0.8194123220494274,0.8345917924089455,0.8644375098796723,0.7742045652987519,0.8361953551912569,6
AM,70-79,17,0.8478198531891631,0.9143413133622843,0.8126256141671959,0.8362947811928186,0.8666769081025155,0.7967434361585728,0.8113611487415661,76
AM,70-79,18,0.874973764777553,0.9292050790812115,0.8472795828738601,0.8692119179363831,0.8914627564395755,0.7899361790585301,0.8316721992702598,214
AM,70-79,19,0.9209074885978735,0.9520883069400538,0.9011253296685918,0.9113989739876244,0.9353718999596934,0.8498257892832476,0.8948153225057174,540
AM,70-79,20,0.9340126048722905,0.9546171411753076,0.914943336665981,0.9250381470022982,0.9464671691480538,0.8594051124002776,0.9066522184863465,755
AM,70-79,21,0.9515977413465099,0.9635545979455742,0.9366585317016483,0.9447977863288572,0.9581651255845427,0.8872530346842145,0.9293968251339225,1085
AM,70-79,22,0.9612145577286216,0.9664254015905108,0.9512714026662977,0.9569872900526794,0.9681778346033194,0.8915563385160306,0.9397710103485227,1343
AM,70-79,23,0.9697948555344889,0.9715502224013833,0.959794790568619,0.9645774985597204,0.9734674296985024,0.9079744027458315,0.9497085717930078,1456
AM,70-79,24,0.9702640937840649,0.9680961059932587,0.9635661894173655,0.9674757940223756,0.9725835257832706,0.904509397629031,0.9554759764559378,1473
AM,70-79,25,0.9727187209119255,0.9682101346857708,0.9694238025174859,0.9723374583770004,0.9728909815515044,0.9175914116207456,0.9600972635481366,1750
AM,70-79,26,0.9748062222515513,0.9630916984860736,0.973528420838761,0.9748162920890251,0.9732930726914447,0.9184634855418408,0.961042879249013,1766
AM,70-79,27,0.9727485373586825,0.9557106514467011,0.9721585364367609,0.9753060508322282,0.969270272023498,0.9427754924125203,0.9629375856223977,1703
AM,70-79,28,0.9729789028158374,0.9497483590263484,0.9730460375023845,0.9745664633707166,0.9708285570132403,0.9443170286927587,0.9589953375686577,1469
AM,70-79,29,0.9709696744146843,0.9415866125889016,0.9751627205352194,0.9744938417680766,0.9678030570183386,0.9450364251211242,0.9615062658636075,1440
AM,70-79,30,0.9702309647797688,0.9430518959015444,0.9717869432980248,0.9769335241629852,0.9683485957776168,0.9278496944076121,0.9588206625444502,1208
AM,70-79,31,0.9662236012315991,0.9242991058677715,0.9705611846307756,0.973202429401038,0.9629543258431421,0.9492492447294189,0.9565183517153887,885
AM,70-79,32,0.9605485588471006,0.9121751424139733,0.9705487125196084,0.971868091161499,0.9577502727685764,0.9571297594948535,0.955358051444004,823
AM,70-79,33,0.9642962017648432,0.9062084232138847,0.9698241927911556,0.9740001320924883,0.9622559811763136,0.9593038140702341,0.9605992281706716,520
AM,70-79,34,0.9593920583334574,0.9034181961033786,0.970449380886027,0.9774998777700407,0.9571873622200099,0.9549026595206858,0.9381631582675403,408
AM,70-79,35,0.9678634163955981,0.8788739445200748,0.9762872150079309,0.9763219549845725,0.9625371565797808,0.9531004648259761,0.9443070612572352,209
AM,80-89,17,0.7691122507716963,0.9053778086078506,0.7712432855465382,0.7445215581852009,0.8024705899465715,0.673598029984178,0.7467227424397579,14
AM,80-89,18,0.8267583938903729,0.9031803565237964,0.7934819718539623,0.8257294893758638,0.8612816209401923,0.7518833964459383,0.8037835337841824,32
AM,80-89,19,0.8900025566600654,0.9426351526504924,0.8630114890880991,0.8842463913080204,0.9089728616677716,0.7964627038243278,0.8580959902874323,66
AM,80-89,20,0.9092976281777002,0.9540512041883724,0.8891337497874018,0.9024217306685702,0.930280975430905,0.7888826957012866,0.8830512494826221,80
AM,80-89,21,0.9296494686672125,0.9644749716136436,0.9208393579482658,0.92340950560288,0.9460315114519766,0.8201512228603981,0.9038986490497686,111
AM,80-89,22,0.9387136265478162,0.9685746684615858,0.9273968102021017,0.9333098680606464,0.9540435484422609,0.7973446177245044,0.9038243592455096,130
AM,80-89,23,0.9572492865710253,0.9679122931988859,0.9496881862488094,0.9517084999829825,0.9688064569716472,0.8485630620576533,0.9340150966970684,160
AM,80-89,24,0.9677662019797121,0.9589930579736843,0.9574866377041574,0.9652849512953239,0.9758524967416419,0.8788731095821101,0.9484410824580289,196
AM,80-89,25,0.9747199084587774,0.9594176265458153,0.9680472906595573,0.9744891739679531,0.9819901526360191,0.902521355926448,0.9566357819614566,176
AM,80-89,26,0.9733402998331557,0.9504842129111236,0.972264451005648,0.9769322685930851,0.9782295561980505,0.9077965085157494,0.954409263865895,231
AM,80-89,27,0.9724807793364998,0.954757654936647,0.9705766476987626,0.9740166914224996,0.9765553891258164,0.9309977714723613,0.9640732793282866,206
AM,80-89,28,0.9739529405490454,0.9502310325240652,0.9715247747450715,0.9745289428699084,0.9741283427654843,0.9189627851474671,0.9626278923321373,183
AM,80-89,29,0.9739284030891047,0.9266317393981588,0.9772573387370282,0.9826104954449718,0.9758806584610362,0.9469883728125229,0.9655397533069371,193
AM,80-89,30,0.9593891952633202,0.9135086344188459,0.9629947216034505,0.9683670748798794,0.9625778896770947,0.944372935622787,0.9560820153305035,219
AM,80-89,31,0.9614355614990581,0.9062581852376642,0.9670988009895809,0.9761805536635851,0.9656670971504159,0.9453360401351893,0.9613441790878621,110
AM,80-89,32,0.9424118064233988,0.8813295389543626,0.9623560752001937,0.9578156698731517,0.9390524808970486,0.9442614166961141,0.9375109399261857,134
AM,80-89,33,0.9316011701970502,0.8308022039484007,0.9591310586489976,0.9595959662443446,0.9356916260344607,0.9487112600178259,0.8881245764823731,134
AM,80-89,34,0.9379555479400076,0.8393825762236052,0.9580232509639761,0.9615399873172988,0.93244617847613,0.9725023194856741,0.9007524664202329,72
AM,80-89,35,0.9245075570218617,0.7984838398432896,0.9435806156531107,0.9650921421421069,0.930843512407923,0.9629995157843901,0.8879567958542551,74
AM,90+,30,0.9911111111111112,0.9659574468085108,0.9811764705882353,1.0,0.9822222222222223,1.0,1.0,5
CB,50-59,16,0.9844124933020162,0.9670122138106475,0.9925568783068783,0.9787025998751175,0.9780865243749081,0.9848399761910978,0.9874195620884945,50
CB,50-59,17,0.986410005561378,0.9943005056427704,0.9922143369301881,0.9808943083256074,0.982772529723473,0.9865631860460242,0.9835873259953187,331
CB,50-59,18,0.9899683208646151,0.9881272219025327,0.9898179743756403,0.9808837806575847,0.9801418776966347,0.9912623521404005,0.9887585531316424,882
CB,50-59,19,0.993558857568456,0.9877384054881875,0.9906873023837919,0.9874534107557146,0.9855795513945422,0.9935744751118252,0.9909329153337593,1137
CB,50-59,20,0.994086142981452,0.9845422220415319,0.9921500443267522,0.9908036293566334,0.9899369011585923,0.9948618172139538,0.9920416660201408,877
CB,50-59,21,0.9935426952851598,0.9845123985314485,0.9937385774224903,0.9891677042536993,0.9906414325872335,0.9932268092005233,0.9916777971080717,722
CB,50-59,22,0.9948131717778885,0.9919022949230833,0.9964791118017019,0.9929486341717719,0.9939529373418572,0.9947408765393255,0.9927092192868453,501
CB,50-59,23,0.9955952165971678,0.9831931975817353,0.9979609226704494,0.992758879455027,0.9919564452492521,0.9944546322964587,0.9947834479787984,343
CB,50-59,24,0.9933564415491356,0.9772170514631658,0.9902804781477351,0.9851424904314819,0.9888421645885569,0.9916696462988231,0.9948763750521168,263
CB,50-59,25,0.9925207248451854,0.9524547984135364,0.9930595539908073,0.9852637576765659,0.9865389613124335,0.9911715689774828,0.990931693668115,159
CB,50-59,26,0.9890697327506642,0.9671160631555358,0.9922178562178563,0.9926569976593799,0.9866945035176491,0.987608702937941,0.9920617330085251,125
CB,50-59,27,0.9938882740167266,0.9722356897435638,0.9904686444160129,0.995048784068511,0.9931410498808774,0.9973853175972851,0.9900858552435091,133
CB,50-59,28,0.9917986605636597,0.9683085166184284,0.9824098644115,0.9893645746023741,0.9839117742822056,0.9923210640906158,0.9933270075339692,59
CB,50-59,29,0.9930904085676837,0.978947982181813,0.9865707978188175,0.988451652163962,0.986135731649232,0.9876609384712268,0.9946590196027659,78
CB,50-59,30,0.9940333762240605,0.9736862726367974,0.989961077614418,0.9945483813262758,0.9942392392339797,0.9934801823285213,0.9899522598536822,46
CB,50-59,31,0.9957709728203632,0.9203468467523097,0.9973796180987963,0.9944395619009361,0.9960152985130468,0.9925321172036519,0.9889489697819112,73
CB,50-59,32,0.9926273896312962,0.9278221641238923,0.995252853829704,0.9879616070204305,0.9794798423741332,0.9925170068027211,0.9933457338844907,70
CB,50-59,33,0.9963680387409202,0.9092820621838479,0.9981203007518796,0.9839263627528935,0.9900815647766867,0.9925751879699247,0.9938068889527641,28
CB,50-59,34,0.9896421845574389,0.9660139305972639,0.984375,0.9886363636363638,1.0,0.998015873015873,0.9826491469140043,18
CB,50-59,35,1.0,0.9837837837837838,1.0,1.0,1.0,0.9894673123486684,0.9943661971830986,5
CB,60-69,16,0.9440504926155346,0.967067060112879,0.9327035703759842,0.9058577918950267,0.885154435973074,0.9498300232864416,0.9576549691490837,20
CB,60-69,17,0.9292094705837851,0.9670005148892882,0.9437256622917793,0.892998080172125,0.892059971782811,0.9313703471715582,0.9346665613488142,194
CB,60-69,18,0.9487546541155569,0.968006834947895,0.953315573149566,0.9123830713780609,0.9111939714191143,0.9510687970962421,0.9494289755955556,582
CB,60-69,19,0.9588098789619565,0.9623045508161069,0.9576287112767633,0.9331811089690012,0.9336242366535881,0.9600705586464654,0.9552009111210031,1182
CB,60-69,20,0.9712554637631402,0.9686013909533645,0.9668361745533864,0.9501448094213216,0.95007135859559,0.971978745756387,0.9674490410898331,1814
CB,60-69,21,0.9771800608562882,0.9645321356323664,0.9681731368533476,0.9619241481114356,0.961274940363151,0.9780372722843463,0.9723361312969582,2153
CB,60-69,22,0.9823694041466154,0.9665792478098851,0.9735047325053734,0.9696814276045956,0.9696156721524188,0.9817670761853731,0.9794280365588545,2603
CB,60-69,23,0.9840436513128191,0.9540109113465929,0.9780618451246917,0.9727413395307717,0.9718292730361511,0.9824073614925295,0.9811029665874976,2368
CB,60-69,24,0.9846387604437444,0.951866766406593,0.977295870226476,0.9743151055131001,0.9736363322336072,0.9833880816057843,0.9810271280821954,2063
CB,60-69,25,0.9838382700790328,0.9510512660533483,0.9788010183376902,0.9762538142490503,0.9741502490961524,0.9830366441522129,0.9819233272046483,2122
CB,60-69,26,0.9857452027992277,0.9413883415528087,0.975532492031588,0.9776797019624794,0.9765562582842687,0.9835242237106481,0.9851525542778118,1909
CB,60-69,27,0.9823763665591672,0.9374291220590705,0.9733398005184571,0.97511081638759,0.9741375781301435,0.980860905418609,0.9829235328117671,1672
CB,60-69,28,0.9837009862074648,0.9224073118704511,0.9738240384945599,0.9811221988164813,0.9758936120749792,0.9812630887562916,0.9840701771249877,1766
CB,60-69,29,0.9826391710101213,0.9183306535708313,0.9784418334791557,0.9805081163361371,0.9714421619116451,0.9780351471781508,0.9834893734159467,1513
CB,60-69,30,0.9815471743648352,0.9031558117773247,0.9805997173357732,0.9808358801045609,0.975633426669014,0.9796973636777665,0.9802505784535002,1399
CB,60-69,31,0.9831653746968171,0.8937941004009534,0.9767946734175696,0.9835906931438292,0.9783290759692377,0.9781901297648761,0.9830948846136505,1094
CB,60-69,32,0.9826805029696432,0.8927543086912861,0.9778134418194949,0.980239368844071,0.977080295830388,0.9795546230674762,0.9817993534458896,907
CB,60-69,33,0.9824028420997902,0.8845969516466847,0.9753356990171225,0.978877192716009,0.9719095376582655,0.9768002868714295,0.9804064160071576,723
CB,60-69,34,0.9768930145912117,0.8525500061661714,0.9654966265776569,0.9756007128831233,0.9636486252937215,0.9759115749273398,0.9676574576832074,442
CB,60-69,35,0.9745370135980047,0.8040384150652901,0.9655670589760258,0.9739237964681073,0.9533251594057515,0.9758590043186642,0.953554806642833,327
CB,70-79,17,0.8097240520562713,0.9298801104708727,0.8339270113542286,0.7205827779796422,0.7373370527461183,0.8055669829753944,0.8399254520337174,36
CB,70-79,18,0.8559980584285481,0.9300997391975045,0.8529571993399682,0.7892422041453796,0.7859168905763566,0.8544006103779556,0.8713127442724934,170
CB,70-79,19,0.8934097176589302,0.928277504218926,0.880503533853807,0.8392285057645638,0.8396380919880224,0.8918453260465177,0.9045035588618692,312
CB,70-79,20,0.9244417566839072,0.9419324639024426,0.9075445758632392,0.8862068799011809,0.8873918695817685,0.9219801902761763,0.9347254767917543,530
CB,70-79,21,0.9468758389147225,0.9485421056216471,0.9293601347073557,0.9178133185980805,0.9183128472057698,0.944951133432451,0.9508739321228699,725
CB,70-79,22,0.9632637316364294,0.9539095814456129,0.9500606534886995,0.946864292278962,0.9478048353147315,0.9629352050658326,0.9665016621316614,1204
CB,70-79,23,0.9678769146399968,0.9511782618225966,0.9532325678854303,0.9476939852554275,0.950553086094554,0.9663370534036889,0.9696885340043944,1233
CB,70-79,24,0.9723524518926622,0.9493689435143392,0.9575481290861341,0.958649107317044,0.9605718664487023,0.9698444633095225,0.9739828554400931,1395
CB,70-79,25,0.9761543603459044,0.9369539716474574,0.963521018670172,0.9639020235220552,0.9659886589452625,0.9738508533042189,0.976729999392947,1617
CB,70-79,26,0.9754682316443287,0.921901441066224,0.9601238488622653,0.9654712498136123,0.9655237784255424,0.9726047210180195,0.9770979673182779,1408
CB,70-79,27,0.9752257575268889,0.9236058655539556,0.967090584746742,0.9704640524962226,0.9674348444216895,0.9711144900573995,0.9770906168639977,1581
CB,70-79,28,0.9718733852469308,0.8970856624235202,0.9628925946296318,0.9696390596044682,0.9643349623381384,0.9675128354291105,0.9748009914916018,1559
CB,70-79,29,0.9722296846426587,0.8984691042539931,0.9661785595891387,0.9732946751533268,0.9667848474704722,0.9678889875695653,0.97824908976425,1637
CB,70-79,30,0.9697005068892462,0.877096407898135,0.9664481156948215,0.972990191012812,0.9684261170343534,0.9660336708246213,0.9754355085109387,1708
CB,70-79,31,0.969208969836789,0.8625948942328941,0.9644349705388511,0.9706678021212723,0.9645504841804732,0.9662716653214387,0.9687106732679519,1336
CB,70-79,32,0.963494839303872,0.8420287601306885,0.9648324382502155,0.9667914881518253,0.9571623459803477,0.958965714489088,0.9668770940021516,1229
CB,70-79,33,0.9532525146010447,0.80314295695352,0.9541714781351834,0.9620521929681968,0.9509967709747136,0.9483859194518661,0.9568865035544467,1004
CB,70-79,34,0.9536769110106182,0.8055406511683786,0.9550624501457717,0.9593743674883829,0.9513370293913369,0.9499573035504729,0.9559266000221249,739
CB,70-79,35,0.9526788106457819,0.7864427183465933,0.9747687782014872,0.9683877256364667,0.9631250469589051,0.949589497407913,0.949088485403747,496
CB,80-89,17,0.7372412733990321,0.8179392181677,0.6998649770019216,0.6393234105011016,0.681810840676844,0.7351223941677758,0.8030198218724725,8
CB,80-89,18,0.7847223000048714,0.8440612621140663,0.7722159145007301,0.7236811128958502,0.6955108730228675,0.7729526328827118,0.8435933376649386,18
CB,80-89,19,0.8232870865834458,0.8621625778705551,0.783877075451584,0.7547038563127311,0.7507228435936583,0.8210321936423486,0.8581516335742263,38
CB,80-89,20,0.8914487614588951,0.9097348535145905,0.8376566320188779,0.8361975634996609,0.8485743145035584,0.8879664112056819,0.9150560688129966,57
CB,80-89,21,0.9263996644672206,0.9277332053082176,0.893949301916028,0.8893385076013198,0.8980432954466291,0.922973928368802,0.9354996702427296,82
CB,80-89,22,0.9531538206591404,0.9411726234834116,0.9248601274014511,0.9270787254959809,0.9363207867175746,0.9501614960357041,0.9602391124621015,108
CB,80-89,23,0.9683465953426608,0.963283465896682,0.9470453859231983,0.9507872038149615,0.9543857371487212,0.9668651620353159,0.9746024687426286,146
CB,80-89,24,0.977458563015981,0.9620337077923027,0.9540904355342126,0.9598397235346376,0.9671511343211119,0.9792699921757926,0.9777090205077589,161
CB,80-89,25,0.9756302646247508,0.9466980988146665,0.9512467451083798,0.9636491755298305,0.9658322485040397,0.974374584416471,0.9780314148252046,157
CB,80-89,26,0.9798235974695731,0.9547704711881628,0.9663843696883234,0.9753755680509454,0.9755226165467789,0.9802020834607609,0.980284677459589,216
CB,80-89,27,0.9730240985248585,0.9167759954771486,0.9672309699011694,0.9720368807552041,0.9702976931638904,0.9721990831509172,0.9763140014535723,216
CB,80-89,28,0.9719386218639517,0.9099273667107418,0.9708265242523927,0.976952259388075,0.973554355476079,0.9699811445516164,0.9725220335553474,207
CB,80-89,29,0.9688100398977997,0.8914676675104493,0.9692526905809888,0.9713831326300285,0.9628333796546773,0.9672566180758725,0.9740235968363506,219
CB,80-89,30,0.9510124223081479,0.8646162881057038,0.9581038999462487,0.9663634811590543,0.9676232084064967,0.9491179685579537,0.9645093939620787,255
CB,80-89,31,0.9795675806540698,0.9018529136789469,0.9620640892434346,0.9768617214640196,0.9745623732486084,0.9779274574351042,0.9774517408966229,152
CB,80-89,32,0.9538409261606523,0.8451186072613704,0.9771777087834831,0.9659553067527351,0.958339996824249,0.9524357573398206,0.9607789317390807,187
CB,80-89,33,0.9510300676698389,0.8500653525867112,0.9680810390861746,0.9678120605708515,0.9676837032322347,0.9502948882645258,0.9576551459235814,131
CB,80-89,34,0.9447540775077108,0.7768035821713157,0.9584172272742679,0.9671506315803261,0.9616465311337824,0.9452117201865046,0.9384569355284099,134
CB,80-89,35,0.9296614826769842,0.7639489041997831,0.9590140501734069,0.9554064249880817,0.9578193253660721,0.9275537595943011,0.9300916864157975,110
CB,90+,30,0.9861314611314612,0.9792796865581677,0.9793715846994536,0.9922795001201634,0.9917907037472254,0.9852663566146713,0.9901377217553687,12
CB,90+,33,0.892951492951493,0.6371855992109157,0.981038961038961,0.9974052263525948,0.9524072350159307,0.8990342990342991,0.8898268398268399,11
CM,50-59,16,0.9901577138328442,0.9956092931162501,0.9930982201513654,0.9954543298639406,0.9949705965082755,0.9872787879678644,0.9865355284550331,95
CM,50-59,17,0.9844727772207316,0.9934291719269426,0.9858908537291075,0.9915250029841821,0.9863314628972971,0.9756026642143758,0.9801234242664884,490
CM,50-59,18,0.9877511276246425,0.9929229423648264,0.984945940396787,0.9912715498876542,0.988153379916485,0.983563591461967,0.9848306235491076,999
CM,50-59,19,0.9879356580842414,0.9908766916742723,0.9872452039795452,0.9919635136994286,0.9899667388739004,0.9845977748985676,0.9869152169963431,1107
CM,50-59,20,0.9921748267321819,0.9851695412465971,0.9925952972509308,0.9943402017762917,0.9931243398388931,0.9884967379369342,0.988813932690525,944
CM,50-59,21,0.9929090792545566,0.9934408248937052,0.9938583470824988,0.9952440718297229,0.9954333216318139,0.9883579356244354,0.9884043079340189,750
CM,50-59,22,0.9920853287140794,0.9882582005671782,0.9893676750922694,0.9948555877344709,0.9932576678645441,0.988902500694472,0.9895069327820255,448
CM,50-59,23,0.9911718799411533,0.9868200871248315,0.992259213731756,0.9947369606704705,0.9923520892167444,0.9897214773163108,0.9898991652437991,308
CM,50-59,24,0.9927755807232806,0.9863930071122683,0.9934904175000332,0.9945821107741932,0.9935462643474573,0.9935484503201574,0.9899053506444719,227
CM,50-59,25,0.9889783313773455,0.9856433782570694,0.9900828589514042,0.9925975510488101,0.9892314438541997,0.9872986820765228,0.9842021877365671,118
CM,50-59,26,0.986403697932044,0.9925334162727595,0.9863317115604383,0.9914904720930715,0.9901034771299975,0.9756055861190074,0.9892727426265103,104
CM,50-59,27,0.9920230405136762,0.9790217577672669,0.9956747326843256,0.9985832316405072,0.9912933639224638,0.9845604760114415,0.9929335993812461,90
CM,50-59,28,0.992257232381634,0.9831163658266423,0.9947985907915395,0.9931352551653304,0.993267705689551,0.9815503116558495,0.9891587283150909,49
CM,50-59,29,0.9891246479995749,0.9860600051571301,0.9953184447041524,0.9952672512896348,0.9905969402032374,0.9917561167026041,0.996725467230982,60
CM,50-59,30,0.996128192242679,0.9790523253739358,0.9923634052413367,0.9972859575448351,0.9953642444208483,0.9941306044174154,0.9854912859981415,53
CM,50-59,31,0.9837138659282143,0.9860069176755475,0.9929505420054201,0.9975008707767328,0.9954685746352412,0.9854206467744481,0.9959795321637428,36
CM,50-59,32,0.9891972935130215,0.9802755476261275,0.9963584920489377,0.9991511035653651,0.9981510015408321,0.9977538185085354,0.9991511035653651,19
CM,50-59,33,0.9642762560532687,0.9595480225988701,0.9887357507861635,0.9888385468387951,0.9856197871728501,0.9611956050096947,0.9951176604116223,32
CM,50-59,34,1.0,0.9824333116460637,0.9964285714285713,0.9968253968253968,1.0,0.9951219512195122,1.0,5
CM,60-69,16,0.9246482079637981,0.9699698562350112,0.8896310216095962,0.9377278251624225,0.9341898670712582,0.9255069639917908,0.9221018803288663,23
CM,60-69,17,0.931914428946649,0.9606233200899182,0.9199693408280949,0.9426782176306933,0.9410735529247141,0.9159610821856151,0.9168116683529178,254
CM,60-69,18,0.9381874979757484,0.9659049230409622,0.9267951965202731,0.9477961902129456,0.9460751708516506,0.9201983160970505,0.9255666517472737,674
CM,60-69,19,0.9593712278924182,0.9730323965619271,0.9522952731192081,0.9663145455462854,0.965535445854541,0.9410428408831532,0.9520308470952554,1204
CM,60-69,20,0.9677276812328861,0.9749574460360528,0.960251079268871,0.9729969943667398,0.9743629109804944,0.953745398856646,0.9590599910871191,1592
CM,60-69,21,0.9753487805284412,0.9785455501330285,0.9718072488640522,0.9796702493418702,0.9811590606159306,0.9611090631391414,0.9680079277250859,1683
CM,60-69,22,0.9799490085725421,0.9772533106414716,0.9763718220516033,0.9841149195905367,0.982834054350891,0.9663049900094617,0.9724696425373791,1833
CM,60-69,23,0.9817872881071784,0.9719772309120726,0.9793773582316099,0.9855518562434846,0.9855477124575215,0.9726444187830128,0.9737615794907222,1539
CM,60-69,24,0.9825977617109835,0.9684608649550945,0.980862726210685,0.9856385339616871,0.9856511518937362,0.9748388305263361,0.9770938233024031,1528
CM,60-69,25,0.9806273376306559,0.9657935623904353,0.9810343461169031,0.9841304387211022,0.9836618540347694,0.974487071232367,0.9760130855464413,1298
CM,60-69,26,0.981508167644356,0.9583495583128302,0.9823309239281812,0.9858646003665363,0.9822349676317327,0.9757294322403108,0.9812005735132145,1341
CM,60-69,27,0.9799520231570792,0.9543558890790539,0.9821366719737264,0.9854423159305654,0.9834551143799192,0.9735948395673126,0.9796548929095852,1073
CM,60-69,28,0.9798017799182854,0.9554029378015921,0.9838558224501759,0.9856234782335306,0.9821482650320239,0.975536972658404,0.982119974017978,845
CM,60-69,29,0.9831931101347113,0.9582104242607777,0.9847628677762906,0.9865512886248836,0.9837375168622857,0.9778115180501014,0.9838477988369569,832
CM,60-69,30,0.9772988656703765,0.9359060357204505,0.9822464864611864,0.9847084795421386,0.9776400935363404,0.9765341766570733,0.9766312767416019,727
CM,60-69,31,0.9796297110134599,0.9339434216893874,0.9815691146868519,0.9848754380285011,0.9810228565428208,0.978407190168089,0.9802794285206323,451
CM,60-69,32,0.9779803829826523,0.9374085289919756,0.9858287515065506,0.9866941628738932,0.9817624060387934,0.9832208542222091,0.9769326357952409,437
CM,60-69,33,0.9750828740562081,0.9205739749512174,0.9768794474417309,0.9831036283451801,0.9747869470747983,0.9788941426213638,0.9753579637217502,289
CM,60-69,34,0.976879557920086,0.8914413153964594,0.977717861903721,0.9806152533954996,0.9738582561369608,0.9826338889991131,0.9711502162197236,209
CM,60-69,35,0.9831099631084467,0.9090835948070572,0.9830328020215678,0.9872289345446595,0.9832805272329868,0.9829773960210181,0.9694831223513154,135
CM,70-79,17,0.8041165010128104,0.8948711505452246,0.79024149425332,0.8280579000934395,0.8467037082664371,0.7846603951951128,0.7955224509305117,70
CM,70-79,18,0.8422707409652044,0.9222024437644278,0.8088998257388273,0.8622739515214057,0.8747364572737575,0.796557334920329,0.8301191232211296,144
CM,70-79,19,0.8912970941316835,0.9393493969325811,0.861425040104185,0.9020162844382269,0.9123641605193222,0.863075920307883,0.8844133806354937,295
CM,70-79,20,0.917330380913612,0.9538497422752618,0.8962711346797934,0.9266768983966696,0.9347860567562176,0.8851837277057336,0.9079970898981672,401
CM,70-79,21,0.9425221183941899,0.9591488352981017,0.9315740817199019,0.9493574950236054,0.9563724593394446,0.9169037362788774,0.9355830051800692,599
CM,70-79,22,0.9601267290124637,0.9623273538086137,0.9529133148516682,0.9639164039417644,0.9691969480122739,0.9406190418493354,0.9480420731977147,846
CM,70-79,23,0.9707080653444626,0.9632118201255782,0.9633985408213396,0.9742243919230842,0.9756059641274677,0.9552696541792248,0.9638056153718334,908
CM,70-79,24,0.9770764766883998,0.9517714140760984,0.9747203417000101,0.98059572145916,0.9811182273721554,0.9632677308334937,0.9639443351565549,1015
CM,70-79,25,0.9751305018871552,0.9460434028230165,0.9732199961913526,0.9797206566351119,0.9793671222482394,0.9632233611246286,0.9699077304618716,1053
CM,70-79,26,0.9732448399213727,0.9464872643904909,0.973072740606027,0.9782671680942874,0.9793646558665702,0.9632696054761049,0.966990136401173,1008
CM,70-79,27,0.972219594377783,0.9239634670944377,0.9751299095249867,0.978193077392858,0.9783058314887803,0.9659585655240482,0.9697026715603271,909
CM,70-79,28,0.9711352253758881,0.9281448570512865,0.9746705872609515,0.9797002127376954,0.9764191687019036,0.9720961302336668,0.9736709793563273,922
CM,70-79,29,0.9720144976205974,0.9281149681849655,0.9730086016793842,0.9772927993179641,0.974950147834195,0.9693494854148756,0.969636465800896,737
CM,70-79,30,0.9680993062566434,0.9095957224594533,0.9737629940306762,0.9738414911523746,0.9736537113127378,0.9709379980693846,0.9695203535110104,715
CM,70-79,31,0.9604060771034092,0.8968182508523488,0.9703216945246915,0.9688201040686419,0.9640894815359249,0.966698311845496,0.9667134607547108,800
CM,70-79,32,0.9685013711025566,0.874721140939447,0.9745813307468743,0.9750431473545554,0.9701038392252676,0.9721509292417195,0.9677155355180699,493
CM,70-79,33,0.9571106914492792,0.8494105972236226,0.968210120257306,0.9730254525738561,0.9607344143964454,0.9690676752858922,0.9517333988746882,397
CM,70-79,34,0.9516886247121571,0.8410886846554486,0.970512538252244,0.9654072933102964,0.9580458836294374,0.9664750565113431,0.9490047073177539,339
CM,70-79,35,0.9394863891939592,0.8191740406263531,0.9492907737326844,0.9597311649083134,0.9434356922609156,0.9526447354052034,0.9457888648774724,186
CM,80-89,17,0.8979830228818487,0.9780343109984009,0.9050728844169247,0.9061470485013451,0.9303753693449004,0.8819862273687707,0.9025846066256592,16
CM,80-89,18,0.7921095997154682,0.8737119605006501,0.765211064355638,0.81210577491726,0.8292696082757737,0.7433769763528284,0.7668157837478411,19
CM,80-89,19,0.8671647202806158,0.9201153388065086,0.8374493593193764,0.8773658561023593,0.885387511390153,0.8482776382594058,0.877375444821008,64
CM,80-89,20,0.8701386115586512,0.9249702495112215,0.832837099614175,0.8804555236512626,0.8962895463757621,0.825952172651681,0.8655882178525366,61
CM,80-89,21,0.9259374936600075,0.9489472416644121,0.8964367809051602,0.9293194622157367,0.9404994381711849,0.8992297597872261,0.9237240508508553,80
CM,80-89,22,0.9423702844890115,0.9475353692786844,0.9242229589289868,0.9522898176571177,0.9551063217050137,0.913561880201758,0.933791092839421,85
CM,80-89,23,0.9636615538116352,0.9573640567362008,0.9466999833272349,0.966734054818391,0.9707019163242486,0.9411123351891049,0.9573908444493057,106
CM,80-89,24,0.970988987924888,0.9592433024166537,0.9651040563869792,0.9749132139726726,0.9762936314845696,0.9407578737253329,0.9625020859449737,124
CM,80-89,25,0.9718336870133063,0.933677076491103,0.9686259430542797,0.9808992556978511,0.9785010209080295,0.9568510861592582,0.9652116956842469,207
CM,80-89,26,0.973035851899032,0.9268480010588016,0.9786813902856821,0.981990977336168,0.977144225078952,0.9612235674946684,0.9608525204093143,161
CM,80-89,27,0.9773241297115209,0.9373398064391666,0.9798789199192397,0.9843462590762815,0.9822583733476917,0.9742222931119879,0.9705831087767809,196
CM,80-89,28,0.9769047175623559,0.9192623534171422,0.9788314555174411,0.9835833579194312,0.9801994991215689,0.9724941208366921,0.9694266563358288,177
CM,80-89,29,0.9755077588457439,0.8901480139472008,0.9755109511530529,0.9855760135214019,0.9783150905482408,0.9576398427220408,0.9650776862116294,163
CM,80-89,30,0.9711498923381978,0.8660438759623117,0.9777349631261949,0.9775301840376303,0.9686058225512607,0.9750462372334948,0.9581133546966399,138
CM,80-89,31,0.965478652445301,0.8735057859051166,0.9717205759066395,0.9798159706877932,0.9693150249280905,0.9679907290061351,0.9654361737973614,128
CM,80-89,32,0.9404753945161263,0.825003283434634,0.961205493925265,0.9645880036544718,0.9550792519752386,0.9547798180461856,0.9527991048537572,133
CM,80-89,33,0.9632670918425432,0.8563117084395891,0.9779303453118112,0.9843849546620673,0.9706054094950505,0.966661915169868,0.9472324668197086,71
CM,80-89,34,0.9290818944655501,0.8172896083857997,0.9529022982311747,0.9681026794370186,0.9418224835941567,0.9549429912547831,0.9322973152822202,65
CM,80-89,35,0.9249879346920056,0.6702871818246723,0.9144609960225437,0.9484091270384345,0.9468578357409422,0.9635562375839398,0.8744749716375805,31
CM,90+,31,0.995981795981796,0.9455383401145023,0.9976951803010853,0.9959595959595959,0.9854577240940877,0.9892122235872236,0.9804195804195804,11
CM,90+,32,0.9818181818181817,0.8290366350067843,0.9900221729490023,0.9910089910089911,0.9707792207792209,0.9643052143052142,0.9727272727272727,11
DM,50-59,17,0.9925513005774681,0.9975241623490579,0.984412231100117,0.9896049569801788,0.9909906703656473,0.9926847579748528,0.9916740258182701,169
DM,50-59,18,0.9912181517973162,0.9900186494434052,0.9962084688249488,0.9932514575388863,0.9924221943245783,0.9927253722013207,0.9872807922355689,300
DM,50-59,19,0.992082195833952,0.9886672172486974,0.9900303801265405,0.9932332383626711,0.9895284710608575,0.9924676309098875,0.9932994784407094,448
DM,50-59,20,0.9934389137167071,0.9914203167109955,0.9911854326502062,0.9919419194419566,0.992544995663704,0.9931787081328616,0.9889419679639275,455
DM,50-59,21,0.9959250135739561,0.9827319533108838,0.99383957092757,0.9958015533586111,0.9947943530878229,0.9960788843339641,0.9904610147792955,238
DM,50-59,22,0.9978302702824988,0.9757544611546121,0.9966791037595613,0.9971926693753865,0.996525919555724,0.9970042030260858,0.992136272560973,250
DM,50-59,23,0.9954527076695123,0.9785941934087484,0.9891870910426848,0.9939630837134672,0.9894645105277213,0.9919624083435796,0.9879462608747133,174
DM,50-59,24,0.9920138095387283,0.9774109078425887,0.9920678315995868,0.9913184711512099,0.9918407477616648,0.9908107899789929,0.9964429893570356,118
DM,50-59,25,0.9909889519718692,0.957232450993278,0.9852506010003108,0.9772454465401804,0.9848085106509785,0.9930301504751784,0.9972364364524603,83
DM,50-59,26,0.9929055222726597,0.9873287643154945,0.984051647984696,0.9858962421829679,0.9960092340924869,0.9942921171171462,0.9945880363270683,82
DM,50-59,27,0.9927538396360841,0.972650190739682,0.9869534652264207,0.9850069498640569,0.9921864114427933,0.9904052798805473,0.9913545547847754,44
DM,50-59,28,0.9956959730780276,0.9209857557919723,0.9957475700400229,0.9781645648116035,0.9804029766428568,0.995149569261667,0.9931995025266652,53
DM,50-59,29,0.9988199665831244,1.0,1.0,0.9982882041705571,0.9979591836734694,0.9993464052287582,0.9993939393939394,30
DM,50-59,30,0.9969965244942006,0.9796230970507004,0.9923722651860666,0.9918035895339842,0.9931155760685805,0.9969883564711152,0.9929051639417492,41
DM,50-59,31,1.0,0.9944973544973544,0.9985119047619048,0.9986522911051213,0.9984802431610943,0.9973598310291859,0.9915132719754568,14
DM,50-59,32,0.9978311688311688,0.9955555555555555,0.9925479511769834,0.9983156028368795,0.9985705249841872,0.9985309973045823,0.9993333333333334,25
DM,50-59,33,0.9851352519229107,0.915381708238851,0.9642857142857143,0.987012987012987,0.9831932773109244,0.9926108374384236,0.963032581453634,7
DM,50-59,34,1.0,1.0,0.9966101694915255,0.9967213114754099,1.0,0.9965517241379309,1.0,5
DM,50-59,35,1.0,0.986018184937382,0.9603174603174603,0.993939393939394,0.9940476190476191,0.9863945578231292,0.9973118279569894,6
DM,60-69,16,0.9479515118719665,0.9486947396038304,0.9074380165289256,0.9559838174683294,0.9326073232323232,0.9530005280839542,0.9388826646749181,11
DM,60-69,17,0.937370979999761,0.9657050504723725,0.9358400873330988,0.9418475272139079,0.9437591600787452,0.9401258502416501,0.9235623839365642,68
DM,60-69,18,0.94824895132359,0.9581353009075151,0.9456230785166163,0.9503915072948248,0.94648316417014,0.9478553973385061,0.9417507941550305,209
DM,60-69,19,0.9646791904936844,0.9780180377548181,0.9587335694474621,0.9677798826590918,0.967650791519566,0.9656522995714101,0.9589014950244621,545
DM,60-69,20,0.9734119270452349,0.9698468770520461,0.9661916561049099,0.9737916362498374,0.9749048837660909,0.9739127827538876,0.9704558275317918,857
DM,60-69,21,0.9817264659429039,0.9724870768924334,0.9716299909223847,0.9791707033659807,0.979160705041275,0.9823295063776721,0.9756171882115211,1147
DM,60-69,22,0.983727775492152,0.9685676095590966,0.9759045355640988,0.9815934683215712,0.9820498894471549,0.9821342727871006,0.9812270614480044,1191
DM,60-69,23,0.9838101208473489,0.9625410878679741,0.9714852992156079,0.9821202663789542,0.9804006210483277,0.9826615006406584,0.9789524538866972,1033
DM,60-69,24,0.98563764246716,0.9640090312917122,0.9759824145469088,0.9821054895279279,0.9826527995714619,0.9839528006773991,0.9836854038755594,1054
DM,60-69,25,0.9853139369218704,0.9592179215884936,0.9789975690171905,0.9825754153172199,0.9816941043630908,0.9835558606031379,0.9827789904818545,957
DM,60-69,26,0.9851080386064921,0.9567280048850763,0.9747584107481994,0.9834664923448396,0.9813471211722832,0.9839708550809163,0.9801661494970121,942
DM,60-69,27,0.9867044053085867,0.955809004489034,0.9757774800694544,0.9809854130592833,0.9811986504569298,0.9829022272066092,0.9844388205783736,806
DM,60-69,28,0.986714738311611,0.947948054580721,0.980103472071086,0.9846544086980148,0.9814811930297082,0.9826088950725428,0.9836924260879096,945
DM,60-69,29,0.9837048690380308,0.9257809409422569,0.9818772576905714,0.9791763494975314,0.9808152053152143,0.9812437001863688,0.9831477232186756,668
DM,60-69,30,0.9855040511364038,0.920541024989079,0.9805136200230733,0.9800341517100838,0.9774237007641905,0.9828569682099865,0.984440626316727,635
DM,60-69,31,0.9786852827132078,0.8944487042754571,0.9829481161295416,0.978854540911022,0.9774557526559731,0.9753085308564554,0.9741379540417644,439
DM,60-69,32,0.9783628834990333,0.9036429818193219,0.9723408197967188,0.97685986802829,0.9668177464471067,0.9785001561666059,0.9726227971466175,361
DM,60-69,33,0.9871252186589934,0.8919619653801595,0.9837835634363291,0.9819473050252339,0.9755326633967524,0.9872198877921301,0.9773553221166845,340
DM,60-69,34,0.9771582720944852,0.8697298178789862,0.9737608148313925,0.9788282274297092,0.9699248535420963,0.9761933253824123,0.9644267360779115,186
DM,60-69,35,0.9735345791033472,0.8305919939662271,0.9743685948966422,0.971950383141779,0.9469473625657268,0.9663532761845893,0.9506443980572444,114
DM,70-79,17,0.8163295290568019,0.9105514553549198,0.7893188394032333,0.8286891476899446,0.820649596830136,0.8227065526337836,0.8612037562171452,11
DM,70-79,18,0.8797513542894975,0.9175951232598435,0.8500034883140123,0.8806699411060831,0.8969803597138939,0.8741181766097058,0.8848461269925023,66
DM,70-79,19,0.9011093830333596,0.9520683388979466,0.8684709524273129,0.9031216937018787,0.913337636326018,0.8956272735337621,0.9110415253192707,110
DM,70-79,20,0.9378815395849687,0.9625106960923934,0.9183256817145684,0.9430536301618571,0.9448584058379462,0.9340411761285675,0.9428903311919425,281
DM,70-79,21,0.9478670028092416,0.9646376898710425,0.9210921388330631,0.9482003003626981,0.9486277298893905,0.9443907232527154,0.9430173382564869,356
DM,70-79,22,0.9631956029729486,0.963076106792479,0.9476159463123184,0.9630878270952045,0.9664509155707551,0.9602705675618516,0.9601252072927092,555
DM,70-79,23,0.9705188563533059,0.9518643223652941,0.9566091793411494,0.9700514459260212,0.970674295663386,0.9679921906985082,0.9638588215161819,611
DM,70-79,24,0.972231370380003,0.9460008422017039,0.9621839445174145,0.9702619636343591,0.9734820062944496,0.9693036989429454,0.9706996384495912,753
DM,70-79,25,0.9750222110545634,0.9422927812933476,0.9679361730771434,0.9736664511812423,0.9748451937933826,0.9709391582475881,0.9756804194174288,805
DM,70-79,26,0.9798503070468781,0.9447650508974634,0.9707388043883652,0.9773525531958129,0.9772071034649115,0.9770009051810689,0.9761781251391982,774
DM,70-79,27,0.9725072319868381,0.9283462651984175,0.9669684698706941,0.9693329486483432,0.9724941449472836,0.9703340492146247,0.9735817523146708,784
DM,70-79,28,0.9734269251735067,0.9175535190533233,0.9687631808296571,0.9724166021561133,0.969374585210185,0.9746619536605492,0.9720947864155453,818
DM,70-79,29,0.9726417147525104,0.9014858499371957,0.9662543352067844,0.9711526960922741,0.9667916774507255,0.9688649700492405,0.9723867264616655,829
DM,70-79,30,0.9714057223713234,0.9041819759333105,0.975720285303782,0.9715773567702273,0.9705433496125034,0.96993809359871,0.9697292163793478,882
DM,70-79,31,0.9653684653822003,0.878257311563277,0.9703903183325241,0.9627710047538777,0.9608693720167223,0.9646943183320654,0.9695882392170178,579
DM,70-79,32,0.9544011524094999,0.8390376926957168,0.9609994062791248,0.9524008047377149,0.9497060273250089,0.9537270608023549,0.9551570240112436,583
DM,70-79,33,0.9579711179114703,0.8223029477447448,0.9601790450810525,0.9628311210281996,0.9561246998218746,0.9596409121296833,0.9520021591064085,462
DM,70-79,34,0.9613609225315388,0.8312880946103923,0.962497479513233,0.9655652579838987,0.9617296439674998,0.964182125287133,0.951842145873828,306
DM,70-79,35,0.9488115909547109,0.7896876535749107,0.9560248151135697,0.9449855687508911,0.9466876928812593,0.9587666679449017,0.9399335152461918,250
DM,80-89,18,0.7528379937427894,0.912236699590254,0.6531011658074257,0.7319305469202375,0.7727554517203138,0.7630250421292961,0.8430626684819199,9
DM,80-89,19,0.8030296910023805,0.9061653679894877,0.7254304432509991,0.8011646890823113,0.8182182239549679,0.8016414128406949,0.8348866067798245,16
DM,80-89,20,0.8854227872848209,0.9271750925600254,0.8077489976315216,0.8921317378128597,0.8753616642837576,0.8971675149328151,0.8955985696807418,21
DM,80-89,21,0.915036540611826,0.9288887871651882,0.8582043313080441,0.9159167222595523,0.9106123564607974,0.9102965125221203,0.9235905352038705,25
DM,80-89,22,0.9601214722776157,0.9464624944095877,0.9425747159788463,0.9581062453484014,0.9623230802111109,0.9593475867009547,0.9537666976550431,65
DM,80-89,23,0.9607035353502097,0.9323742550406544,0.9420670151134,0.963978017642471,0.9651986092539186,0.9574257306858454,0.9704321932825788,59
DM,80-89,24,0.9729668781474825,0.945263778438294,0.9428771595815253,0.9698328536906922,0.977116968091592,0.9719131511761794,0.9810759890859534,104
DM,80-89,25,0.9784896514042981,0.9342956285776532,0.9651438318818013,0.9776227748997881,0.9805091339462951,0.9789997334357058,0.9832041053000528,119
DM,80-89,26,0.9870666147947595,0.9425955402630283,0.9761077283179299,0.986224724709098,0.9897972153497065,0.9837512645705107,0.9892962779836482,134
DM,80-89,27,0.9778024717364213,0.8971087632497691,0.9673987905589227,0.978690010821381,0.9748096462434833,0.9823554075836546,0.986645698915379,124
DM,80-89,28,0.9839072151765266,0.9045387815829979,0.9583419533286366,0.9809999583161682,0.9748847016451164,0.9828845047784021,0.984919769546516,81
DM,80-89,29,0.9744648533769283,0.9069773351543543,0.9592838383723304,0.9748411313532184,0.9749473204679612,0.9785572240309055,0.9746551943745432,95
DM,80-89,30,0.971861663743994,0.8614537083378412,0.9646511431749507,0.9747935042081606,0.9708622228203285,0.9668871297390541,0.9673896007872912,110
DM,80-89,31,0.9505627422125688,0.8322612111578297,0.9618199622597811,0.9600325667663672,0.9669383310438291,0.9528788119236775,0.9452247335632591,130
DM,80-89,32,0.9496456173497748,0.8337362195193304,0.952955663982921,0.9628846536958111,0.948181466196622,0.9529140121449869,0.9422066466032858,97
DM,80-89,33,0.9447105405971948,0.7195002782559868,0.9578909308329174,0.9648059919297328,0.9501619640403703,0.9477869439541343,0.92425265117742,87
DM,80-89,34,0.9359494099015273,0.8024433149494263,0.9423880142256369,0.9532992978873764,0.9420714683911781,0.9365615920403633,0.9430989210661419,63
DM,80-89,35,0.9510254781612154,0.7902132669613752,0.9686823952190231,0.9695554689202218,0.9638531576693095,0.9543017641568416,0.9570427576206993,34
DM,90+,31,0.9827160493827161,0.8888888888888888,1.0,0.9610389610389611,0.9878048780487805,0.9936143039591315,0.9695767195767195,9
FB,50-59,16,0.9830310486691681,0.9961730632551528,0.9847923451658129,0.9850517611299839,0.9842305842305842,0.9858475022088551,0.9814771183211558,35
FB,50-59,17,0.9852477512870054,0.9887283863319014,0.9834144455201071,0.9802857998270671,0.9879232348162654,0.9863794970492769,0.9885865485084283,241
FB,50-59,18,0.9887827182309473,0.9922044320194098,0.9875182933323766,0.9791282658514455,0.9861271764680307,0.9894474949497345,0.9875576296587867,662
FB,50-59,19,0.9913720693400826,0.9909316751772848,0.9903366383869376,0.9843666269742696,0.9904863481456053,0.9927547130067632,0.9885727464092418,963
FB,50-59,20,0.9931117250709892,0.9891601935477957,0.9886715967822776,0.9892362813086222,0.9914889769237992,0.9933362994957291,0.9897533134705618,862
FB,50-59,21,0.9933402380264968,0.9887963565954541,0.9911288310222028,0.9892910026749953,0.9907160936386413,0.9939198571837291,0.9898762269323301,719
FB,50-59,22,0.9922274616040685,0.9939178415669512,0.9863559025676079,0.989019081302512,0.9920527223955672,0.9890276824651419,0.9927377695331175,535
FB,50-59,23,0.9931246885424583,0.9926215223956955,0.9838217778067715,0.9900300622032826,0.9898708038361819,0.9879778017225994,0.9928892253716831,468
FB,50-59,24,0.991833074695535,0.9805757786967539,0.9904146596119467,0.9885446270256212,0.9912381681397956,0.9859082771955885,0.9922615979638257,311
FB,50-59,25,0.9932509440063116,0.9888006902338125,0.9897141508007928,0.9913010887054907,0.993746699472956,0.9906890472383071,0.9940825798949271,266
FB,50-59,26,0.99445852407852,0.9836390270437136,0.9882290985977483,0.9906567434326822,0.9925295325704306,0.9904802910196342,0.9944627318799925,152
FB,50-59,27,0.9948381078596206,0.9931010855358582,0.9943872695017733,0.9947248109848424,0.9928501144199704,0.9901421987417331,0.99152700852824,131
FB,50-59,28,0.9884764889840038,0.9856070175478469,0.988041507800544,0.9875375628387676,0.9819731163394314,0.9863219028945388,0.9916665919732306,83
FB,50-59,29,0.9941450410062947,0.989764716616414,0.9941939327543782,0.9897619299017508,0.9799759970587698,0.988464496752641,0.9898909655221015,74
FB,50-59,30,0.9899489199757254,0.9904087953065794,0.9963006781809112,0.9854952363788035,0.9858525565500164,0.9879115763547078,0.9885712319243858,67
FB,50-59,31,0.9889823747367239,0.9949131854151707,0.9914805847009237,0.9875767358818206,0.9805723305396999,0.9741461343299895,0.9978792849213844,59
FB,50-59,32,0.9934575123152709,0.9988425925925926,0.9940468717304874,0.9842590480115595,0.995827943648091,0.994173399220854,0.9915364583333334,24
FB,50-59,33,0.9973289349458258,0.9948899371069182,0.999074074074074,1.0,0.9972954699121027,0.9942459930238033,0.9977052524222335,20
FB,50-59,34,1.0,0.9891246684350132,1.0,0.9970652971386648,0.9988109393579072,1.0,0.9984174154636093,29
FB,50-59,35,0.998696219035202,0.9546597633136094,1.0,0.9986504723346828,0.9761273209549072,1.0,0.9848585886321735,13
FB,60-69,16,0.891941391941392,0.8871929666680096,0.8399200666794195,0.82292217778475,0.8796229247792574,0.9308989829336506,0.871506924448101,7
FB,60-69,17,0.9368632466405297,0.9567762583940428,0.9202348642118166,0.9042879846715179,0.9366005654653924,0.9469861001717171,0.9400963795802026,180
FB,60-69,18,0.956625437507915,0.969570647333143,0.9489135821952083,0.9388309845036171,0.9580129052937792,0.962716928093931,0.9549194447436744,676
FB,60-69,19,0.9627262019927925,0.9725326474361108,0.9493909411983941,0.9488530198481807,0.962323281456338,0.9684082216038465,0.9620794699329985,1204
FB,60-69,20,0.9707844895068222,0.9760370106794937,0.9612169570400673,0.9580987062989902,0.9694768872519727,0.974014572963413,0.967295843681247,1822
FB,60-69,21,0.9788018645746923,0.9813498950653954,0.9669888336720784,0.971198618169789,0.9792451453790655,0.9814267738236749,0.9749719611110484,2445
FB,60-69,22,0.9805860520527957,0.981120197725173,0.9668853129505445,0.9731146981267575,0.9798615723117664,0.9812275856134962,0.9751510068701396,2581
FB,60-69,23,0.9822794705845406,0.9812775497672097,0.9725327758033102,0.9776434267329883,0.9818613172170348,0.9829229459626273,0.9781534138136188,2359
FB,60-69,24,0.9839572834999492,0.9815802581891073,0.9724752331586303,0.9785253521857556,0.9831776377006194,0.9821965520459367,0.9800216112215885,2338
FB,60-69,25,0.9833436804756293,0.9785908904732306,0.9751666216278665,0.9793853011793366,0.9789515560333744,0.9789047934145142,0.980076597216282,2236
FB,60-69,26,0.9830328086208259,0.9789942038612118,0.9781466607175593,0.981904096304562,0.981934541378598,0.9777076449428893,0.9809163019040147,2100
FB,60-69,27,0.9833696791103328,0.9751345486672746,0.9786577624966732,0.9810468197213089,0.9801248987192086,0.9763548750512366,0.9827480131961722,1777
FB,60-69,28,0.9822668399939531,0.9712377846803109,0.9786191554171073,0.9803469106970043,0.9779969261590241,0.9759751791955696,0.9793468319024182,1592
FB,60-69,29,0.9839060689217379,0.9714183970397041,0.9786169266064221,0.9822990035629083,0.9811419388341709,0.9755369730222194,0.9823630874206152,1304
FB,60-69,30,0.9825437649220462,0.9576397007646594,0.9749103219167972,0.980554941722989,0.9783295026010083,0.9758711105464972,0.9803101804944527,1096
FB,60-69,31,0.9792155196361539,0.9501602074328442,0.9756710831917299,0.9784806069893114,0.9738566103654213,0.971842100671837,0.9797632901895226,882
FB,60-69,32,0.9822399727450712,0.9534833023822527,0.9818848804796204,0.9823700473200322,0.9735163806439701,0.9761529810409802,0.9780580223565972,753
FB,60-69,33,0.9804668517840074,0.9326259401617323,0.9837652348975627,0.9828557632200771,0.9792675422678159,0.9771130969390908,0.9808312328730816,530
FB,60-69,34,0.9800840541167123,0.9420857510523699,0.9812164770309595,0.9830864099956738,0.975458478933403,0.9805303979208577,0.9684372343956645,317
FB,60-69,35,0.9787313279082672,0.9369466092634742,0.9768229581970586,0.9827482247753956,0.9757814198174434,0.9738690921732535,0.9721373635347795,171
FB,70-79,17,0.8083996301612241,0.8723941307030093,0.7212441101913712,0.7492902917823635,0.8137141290288566,0.8227313136923406,0.8252985614381438,42
FB,70-79,18,0.8669773331155977,0.9152790349348077,0.8146314408989481,0.8307732675801107,0.8801395141664046,0.8762264468339638,0.8770723232256655,146
FB,70-79,19,0.9073675155379316,0.9399684126566566,0.8668464583202146,0.8827709272264418,0.9123091966648855,0.9156408830195252,0.913126880887684,362
FB,70-79,20,0.9223712708265168,0.9504678576960177,0.8750393320246234,0.898783344519749,0.9245967344987951,0.929139051938544,0.9220513544491563,488
FB,70-79,21,0.9475853249226786,0.9597354716592451,0.9112919247131661,0.933942042517633,0.9512839147497871,0.9528005696125822,0.9450591253766155,794
FB,70-79,22,0.9619123671947646,0.9698524284119527,0.9299829795943441,0.9534162743880269,0.9634822765204801,0.9620538052372666,0.9571849108134441,1046
FB,70-79,23,0.9673092710903328,0.9718007096726029,0.9475243014540904,0.9629196970120047,0.9700196478949316,0.9656281053566703,0.9651308357188322,1067
FB,70-79,24,0.9744461169578299,0.9697863191858145,0.959854953827172,0.9704296050971959,0.9740889140541322,0.9716373905860543,0.9699527515437202,1411
FB,70-79,25,0.9750008630633461,0.9725338569347057,0.966418386890692,0.9711756625970352,0.9768222082992251,0.9712842978262289,0.9747801480903772,1374
FB,70-79,26,0.9773612380592535,0.9697743246574753,0.9672961030756121,0.9767916767430604,0.9771373708164022,0.9737995422388102,0.9741026521626026,1664
FB,70-79,27,0.9744129953651363,0.9606148733862827,0.9689890035922866,0.9764421079947952,0.974771202594381,0.9684390284095303,0.9743837497170692,1466
FB,70-79,28,0.9736710402324485,0.9570258965591163,0.9683150874734773,0.9730947618228618,0.9729800009709209,0.966875288660802,0.9701511560862275,1336
FB,70-79,29,0.9743144027753404,0.9558464928289637,0.9736982626684292,0.9746973505674186,0.971462139920626,0.9667877500083886,0.9718355770875824,1331
FB,70-79,30,0.9717800765059104,0.9405314834068915,0.9729374402252775,0.976634337549979,0.9696887213874856,0.9635578625696237,0.9670817529672961,1271
FB,70-79,31,0.9686731367656476,0.9254597588997564,0.967690103884646,0.9751596978439664,0.9661854839696797,0.960716242960317,0.9658933661420666,885
FB,70-79,32,0.9619996873066198,0.9235338641324894,0.9719020973511532,0.9689309181773693,0.9626314112880697,0.9524570303807705,0.9651599043430736,888
FB,70-79,33,0.9570629679476376,0.9022649354305311,0.9617553616616739,0.9683091723820889,0.9535207248438101,0.9497706669455251,0.9543658762943777,556
FB,70-79,34,0.9608923581114561,0.903354002740959,0.9622026456695252,0.9708381671888806,0.9610529192975046,0.9596849204779575,0.9585765308956771,404
FB,70-79,35,0.9549893784158904,0.8736722584927403,0.9656957214025437,0.9713938825462557,0.9628631130059103,0.9581988554392493,0.9574184936391391,228
FB,80-89,18,0.7863163109696636,0.8752537982607693,0.6837575640997707,0.7271976212683623,0.8041680586555345,0.8038134996731067,0.8144120601247417,16
FB,80-89,19,0.8717178968375273,0.9424313828929486,0.796042485299408,0.8371999071913364,0.888636669613514,0.8830119142928196,0.8901490558273067,24
FB,80-89,20,0.8907468870747764,0.9511886836098521,0.8470021667443915,0.8713931071532539,0.9068107712709224,0.8991066114372729,0.9211440020153666,52
FB,80-89,21,0.9239519583411016,0.9633579908092447,0.8631164440786571,0.901734555934242,0.932070609657105,0.9289141004624454,0.9445226840396592,73
FB,80-89,22,0.9441396283104012,0.9754622408388738,0.899419507739706,0.9323559849201197,0.9563239260712714,0.9514325419860573,0.9553392444845353,95
FB,80-89,23,0.9534065476180612,0.9529844739862239,0.9248309473508342,0.9426215292981674,0.9579998667071148,0.9567870528646113,0.9604349205497211,109
FB,80-89,24,0.9585431380425458,0.967608760325138,0.9477927801612619,0.9613071769601506,0.9682313476505364,0.9553197456630654,0.9619715026393081,147
FB,80-89,25,0.9760618885076765,0.9596628964418024,0.9662357669772904,0.9731140105616367,0.9830637685084448,0.9773382111490706,0.9709605174569201,138
FB,80-89,26,0.9752218362538666,0.9597640543977436,0.9682752580882388,0.9752186487301031,0.9809911801556473,0.972926170560959,0.9779502590040755,140
FB,80-89,27,0.9836325032731781,0.9586590711279137,0.9708078519939755,0.9803095182564657,0.9854715252817398,0.9827778451408341,0.9802906528473737,140
FB,80-89,28,0.9759788946515707,0.9488929724701097,0.9807835260197968,0.9841452308706872,0.9861147390154306,0.9781099819938419,0.9690668339865763,198
FB,80-89,29,0.9657570895795975,0.9303731072685428,0.9706316693243154,0.9697893648644322,0.967500364570182,0.9677848386778771,0.9577621761562183,207
FB,80-89,30,0.9752030734453437,0.9353425451087782,0.9655458395071463,0.9806496136072453,0.9727820411091143,0.9732602388414943,0.9703675197115731,157
FB,80-89,31,0.9606227627812861,0.8911227167667141,0.9800372310416131,0.9784178993067341,0.9693819339159211,0.9605196028032909,0.9353461838637325,134
FB,80-89,32,0.9590651851527836,0.9019353684949498,0.9797303414970531,0.9815221062325115,0.9710171127573015,0.9593090541465619,0.9523379117487256,125
FB,80-89,33,0.9620752793005979,0.8903668774664774,0.9770702273709921,0.9812745501863099,0.9719418197958637,0.9668298557554716,0.939122225622568,58
FB,80-89,34,0.9692358261244923,0.8988034744509309,0.9781885871523679,0.9784673814249016,0.9769932529670337,0.9703654005590802,0.9377280723768269,38
FB,80-89,35,0.9184485261920301,0.8204213404988898,0.987514705824565,0.9592836199312738,0.9427105871679428,0.9215410605445373,0.904911650466179,39
GK,50-59,17,1.0,1.0,1.0,1.0,1.0,1.0,1.0,10
GK,50-59,18,1.0,1.0,1.0,1.0,1.0,1.0,1.0,29
GK,50-59,19,0.9987893462469734,0.9968944099378882,0.9990920096852299,1.0,0.9862882653061223,1.0,1.0,56
GK,50-59,20,1.0,1.0,1.0,1.0,1.0,1.0,1.0,50
GK,50-59,21,1.0,1.0,1.0,1.0,1.0,1.0,1.0,68
GK,50-59,22,0.999591503267974,0.9963624338624338,1.0,1.0,0.9831871345029239,0.9958333333333332,1.0,48
GK,50-59,23,0.9987878787878788,0.9977401129943503,1.0,0.9981818181818182,0.9701149425287355,0.9837837837837837,1.0,30
GK,50-59,24,1.0,1.0,1.0,1.0,1.0,1.0,1.0,20
GK,50-59,25,1.0,1.0,1.0,1.0,1.0,1.0,1.0,24
GK,50-59,26,1.0,1.0,1.0,1.0,1.0,1.0,1.0,17
GK,50-59,27,1.0,1.0,1.0,1.0,1.0,1.0,1.0,10
GK,50-59,28,1.0,1.0,1.0,1.0,1.0,1.0,1.0,5
GK,50-59,29,1.0,1.0,1.0,1.0,1.0,1.0,1.0,12
GK,50-59,30,0.9841269841269842,0.9535864978902953,0.9832285115303984,1.0,0.9032921810699589,0.9814814814814815,0.9953703703703705,9
GK,50-59,34,1.0,1.0,1.0,1.0,1.0,1.0,1.0,7
GK,60-69,18,0.9770491803278688,0.9652173913043478,0.9866666666666667,0.9892857142857142,0.8233333333333333,0.8958333333333334,0.9549295774647888,5
GK,60-69,19,1.0,1.0,1.0,1.0,1.0,1.0,1.0,19
GK,60-69,20,0.9991554054054054,0.9954954954954955,1.0,0.9995569339831636,0.9790237999193223,0.990990990990991,0.9995777027027027,37
GK,60-69,21,1.0,1.0,1.0,1.0,1.0,1.0,1.0,54
GK,60-69,22,0.9948997209382606,0.9936446100572117,0.9985438660356752,0.9988850174216028,0.9687416335575909,0.9912891986062718,0.9941937395082452,82
GK,60-69,23,1.0,1.0,1.0,1.0,1.0,1.0,1.0,63
GK,60-69,24,0.9967183857808858,0.9953236064347175,1.0,0.9991883116883117,0.9743663835703638,0.9841982578824684,0.9941063493259019,66
GK,60-69,25,1.0,1.0,1.0,1.0,1.0,1.0,1.0,59
GK,60-69,26,1.0,1.0,1.0,1.0,1.0,1.0,1.0,78
GK,60-69,27,1.0,0.9992714910150559,1.0,1.0,0.9871420222092343,0.9924242424242424,1.0,58
GK,60-69,28,1.0,1.0,1.0,1.0,1.0,1.0,1.0,50
GK,60-69,29,1.0,0.9984210526315789,1.0,0.999672131147541,0.98625,0.9896774193548388,0.9983561643835617,50
GK,60-69,30,1.0,1.0,1.0,1.0,1.0,1.0,1.0,54
GK,60-69,31,1.0,0.9955169515270383,1.0,1.0,0.9828440716736561,1.0,1.0,43
GK,60-69,32,0.9992559523809523,0.9975845410628019,1.0,1.0,0.984848484848485,0.9777595538789567,1.0,42
GK,60-69,33,0.9974747474747474,0.9899251276892121,1.0,0.997983870967742,0.9514968851499495,0.9972222222222222,0.9988095238095238,48
GK,60-69,34,0.9984243697478992,0.9947089947089947,0.9994145199063231,1.0,0.9679089026915114,0.9817275747508305,1.0,28
GK,60-69,35,1.0,1.0,1.0,1.0,1.0,1.0,1.0,24
GK,70-79,21,1.0,1.0,1.0,1.0,1.0,1.0,1.0,6
GK,70-79,22,0.9722222222222222,0.9695191350120929,0.9857142857142858,0.9887074889482208,0.9382209188660802,0.9434754521963824,0.9759055714981861,11
GK,70-79,23,0.9880281690140846,0.98125,0.9892307692307692,0.9928571428571429,0.9566666666666667,0.99875,0.9886363636363636,20
GK,70-79,24,1.0,1.0,1.0,1.0,1.0,1.0,1.0,16
GK,70-79,25,1.0,1.0,1.0,1.0,0.966183574879227,1.0,1.0,23
GK,70-79,26,1.0,1.0,1.0,1.0,1.0,1.0,1.0,30
GK,70-79,27,1.0,1.0,1.0,1.0,1.0,1.0,1.0,23
GK,70-79,28,0.9973024453024453,0.9944170771756978,1.0,0.9992172211350294,0.9356481614996396,0.9755847953216374,1.0,35
GK,70-79,29,1.0,1.0,1.0,1.0,1.0,1.0,1.0,23
GK,70-79,30,0.9956002514142049,0.998546511627907,0.9984496124031007,0.9963455149501661,0.9657581816268547,0.9837527875119464,0.9963969865705863,43
GK,70-79,31,1.0,1.0,1.0,1.0,0.9675141242937854,0.9853286384976526,1.0,24
GK,70-79,32,1.0,0.9976190476190475,1.0,0.9985915492957746,0.9531111111111111,1.0,1.0,30
GK,70-79,33,1.0,1.0,1.0,1.0,1.0,1.0,1.0,24
GK,70-79,34,0.9976689976689976,0.9993939393939395,0.9965034965034966,0.9946871310507674,0.933815982404692,0.9850746268656717,1.0,22
GK,70-79,35,1.0,1.0,1.0,1.0,0.958904109589041,1.0,1.0,20
GK,80-89,28,1.0,1.0,1.0,1.0,1.0,1.0,1.0,5
GK,80-89,29,1.0,1.0,1.0,1.0,1.0,1.0,1.0,7
GK,80-89,30,1.0,1.0,1.0,1.0,1.0,1.0,1.0,5
GK,80-89,31,1.0,1.0,1.0,1.0,0.9318181818181818,0.9833546734955185,1.0,11
GK,80-89,33,0.9930313588850174,0.9837662337662338,1.0,0.9980694980694981,0.8827838827838829,0.940766550522648,0.9929453262786596,7
ST,50-59,16,0.9888586553711932,0.9952031042166906,0.9876343554829662,0.9795067996434699,0.9850650882955913,0.9693552427217764,0.9816108995899492,64
ST,50-59,17,0.9872462491329786,0.9889215900789489,0.9888202315558785,0.9844252146527831,0.9848412413753117,0.9796230759366629,0.9800482349657821,524
ST,50-59,18,0.9884346696316366,0.9871268358008256,0.9904203522957019,0.9858054739838319,0.9855249630108288,0.9791328107426771,0.9828906001916405,941
ST,50-59,19,0.9904422797451864,0.9872740011035749,0.9919271482604921,0.9851268823485103,0.9882669641277103,0.9751181787321253,0.9836721194376482,1049
ST,50-59,20,0.9942002843522947,0.9916670152963953,0.9942559996905566,0.9902383176248143,0.9932071511559465,0.9812455950535076,0.9887586157980232,1058
ST,50-59,21,0.9940691920015795,0.9891625940593013,0.9945749221237569,0.9923673293089528,0.9930220598526974,0.9852699733806525,0.9925345403390223,769
ST,50-59,22,0.9954291083201952,0.9875595934675955,0.9958543250864472,0.9939710740793943,0.9923291236967409,0.9776456591758695,0.9911141758490216,606
ST,50-59,23,0.9939367880639159,0.9869324730633993,0.9942492132701433,0.9904708559610695,0.9940579253765842,0.9708610250124452,0.9887047312227011,366
ST,50-59,24,0.9942401928500894,0.9695620786744098,0.9907421717345924,0.9923458815131746,0.9904735712935124,0.975094747665522,0.9871474407284313,274
ST,50-59,25,0.9940191512973076,0.9757196282523892,0.9963529494679572,0.9851509024362848,0.9948529596032346,0.9688703525351574,0.9886144878418232,159
ST,50-59,26,0.9935327753951059,0.993333563021895,0.9959591083616474,0.9942997356193348,0.9972333339294867,0.9878584680399938,0.9936851586847663,128
ST,50-59,27,0.9896324994931136,0.9906378846645891,0.9957920912020336,0.9877567686591954,0.9825520677734723,0.9718455399061955,0.9634383517810732,99
ST,50-59,28,0.9839983637801907,0.9753717060605427,0.9858425701495435,0.9794691052363687,0.9872294448372608,0.9896715243937465,0.9784180662114935,72
ST,50-59,29,0.9986194270698298,0.9903147789840877,0.997142200513911,0.9976851851851852,0.9957448043654941,0.9920933047131896,0.9922081328518879,64
ST,50-59,30,0.9927088310981257,0.9812819825722853,0.9948026209837579,0.9974254477204594,0.9904526786655705,0.9845794301400275,0.9902975388469499,31
ST,50-59,31,0.9988700564971751,0.9748253478705313,0.997747595859821,0.9987160493827161,0.9982998671134264,0.9870931537598204,0.9910995008770679,30
ST,50-59,32,0.9987684729064039,0.9988479262672811,1.0,0.9984126984126984,1.0,1.0,1.0,14
ST,50-59,33,0.9981510015408321,0.99528672427337,0.9938235466307593,0.9988801791713326,0.9981532779316712,0.976890756302521,0.988903269101716,19
ST,50-59,34,0.9852634215579862,0.9691119691119692,0.9837552507341735,0.9893872277593208,0.9894179894179894,0.9529100529100528,0.9900406596920828,7
ST,60-69,16,0.9226644717055826,0.9505394218313942,0.9323232052575587,0.8662634387692101,0.9143835429206245,0.8962654224627908,0.9118672745181173,20
ST,60-69,17,0.9306023376142291,0.9402068482570335,0.9407409388413037,0.9009927529479552,0.9252003916929814,0.8827657901116726,0.9181296139126855,245
ST,60-69,18,0.9466587800300514,0.9511098434662719,0.9534042968119226,0.9202615815767551,0.9426892304465246,0.9032519159170608,0.9296486216418066,683
ST,60-69,19,0.9684533663692859,0.9661781140667858,0.9725348992837094,0.9519434203936531,0.9670737169155184,0.9368333846493815,0.955791725660294,1379
ST,60-69,20,0.975645697128351,0.9715526985779405,0.9776960372638135,0.9613712236199126,0.9734626395728961,0.9516363632149254,0.9649390011967852,1829
ST,60-69,21,0.9792693953234208,0.9757747763780621,0.9808904464484162,0.9671250796049715,0.9778048174992855,0.9525366250189794,0.9701714994343449,1938
ST,60-69,22,0.9796040983520482,0.975517134626643,0.9798662981770546,0.9716704563850525,0.9792837026181457,0.9583246395810111,0.9721097617781361,2027
ST,60-69,23,0.9815862204001163,0.976685559177392,0.9808020502110286,0.9744186836183873,0.9814917854896481,0.9560272233441166,0.9748403540287539,1878
ST,60-69,24,0.9832372837792664,0.9726591972061547,0.9830514765136564,0.9765138613073603,0.9832264352756338,0.9596930002253594,0.9786200965822667,1705
ST,60-69,25,0.9842346983957684,0.9743543403288559,0.98349885233399,0.9782287701266609,0.9823699022239822,0.957766814191163,0.9767232517840216,1642
ST,60-69,26,0.9826009760926526,0.9724276390594985,0.9817657468870025,0.9771180958414231,0.9795902643412373,0.9516763379847683,0.9764498973887439,1474
ST,60-69,27,0.9850617535093747,0.9675513145900628,0.9834488375908818,0.9822923170756327,0.9832371915865175,0.9555567979688339,0.9800912056822111,1370
ST,60-69,28,0.9813602761208621,0.9534262176872967,0.9814157782991488,0.980458066233525,0.9809464750348101,0.956342016017709,0.9775614769394246,1266
ST,60-69,29,0.9812202092078934,0.9534545283320347,0.9795858252408555,0.9845561377716853,0.9790784823392925,0.9584485001072085,0.9812929618999009,1011
ST,60-69,30,0.978889494430779,0.9427868532398925,0.9817445719781297,0.9833190482004539,0.9787956604492402,0.9588866204222538,0.9800279708203397,963
ST,60-69,31,0.9755292030340975,0.9183694970508919,0.9791088443336868,0.9821182449395058,0.9739144060196427,0.9652918066401661,0.9763556651265591,744
ST,60-69,32,0.9783615035529127,0.9192619865864559,0.9771482228832461,0.9846391536913905,0.9731217147392675,0.9645652733919401,0.9778955538376128,552
ST,60-69,33,0.9789609832590205,0.9288279057312073,0.9793593771632282,0.9822971346720155,0.9780893465186283,0.9577686857229204,0.9797467161826595,416
ST,60-69,34,0.9796299312522769,0.9301401009611971,0.9792854740765766,0.9818201323644753,0.9680210593261177,0.9646447253032221,0.98171123221104,240
ST,60-69,35,0.976491717502261,0.9042795955051391,0.9752133504090152,0.9850324377841277,0.9695883313299041,0.9645533766120309,0.9642831898740867,155
ST,70-79,17,0.8426523790749673,0.9030292039735285,0.8487360088185735,0.7952857920444039,0.8598851242674183,0.8078624689381793,0.8042837844021564,70
ST,70-79,18,0.8599946726424382,0.9103925324386787,0.8599767992282782,0.8050740110155796,0.868295478547382,0.8043687552164356,0.8433667436450941,184
ST,70-79,19,0.8986117921818959,0.9296021586529916,0.8962429168288696,0.8556546787746899,0.9058593883603577,0.8326657953994498,0.88438562306542,312
ST,70-79,20,0.9295206261100435,0.9497136783404923,0.9280357987688961,0.8945767708850586,0.9346132979252016,0.8741032099005424,0.9127389628105551,494
ST,70-79,21,0.9502582334866683,0.9598827454737205,0.9476773097229536,0.9257295071544491,0.9552220461976075,0.9037062963016892,0.9375994057479393,692
ST,70-79,22,0.9650893837930492,0.9672940034808665,0.9630277593724761,0.9484222938534672,0.9678350564820204,0.9159387454130371,0.9591332204296369,958
ST,70-79,23,0.9650894831353485,0.9665790946120045,0.9633970147390798,0.9486993205462173,0.9677094026039161,0.9188684727761596,0.954287806683687,975
ST,70-79,24,0.9694717815361293,0.963884970768704,0.9671810156417451,0.9580458191304222,0.9722052554598092,0.9254451898124743,0.9600068705565741,1125
ST,70-79,25,0.9705385095233353,0.957318377225033,0.9689097321755645,0.966456305116471,0.9720881038493299,0.9409536796593552,0.9652550990780034,1359
ST,70-79,26,0.9718393620689887,0.955779106059212,0.9711550378835417,0.9698857803795645,0.9726496094864381,0.9285441301824534,0.9661273335221571,1439
ST,70-79,27,0.9718301851402583,0.9489879456957997,0.9722347783205276,0.9734330656323691,0.9710662778345124,0.9408318436353729,0.9703059559922745,1410
ST,70-79,28,0.9712208423654008,0.9466153986010629,0.9697522655598393,0.9738002874603485,0.9709555812169023,0.9382696893391003,0.9697802468030027,1311
ST,70-79,29,0.9676351878882696,0.9324175595756755,0.9691359248974385,0.9757709667085196,0.9663407173817985,0.9402659888032088,0.9728623462264012,1157
ST,70-79,30,0.9659770072178965,0.9211739382089368,0.9678498006397267,0.9780183991243154,0.9717032969541171,0.9418151869158212,0.9670195656715286,1127
ST,70-79,31,0.9598106351161407,0.9063350122839154,0.9623200378917894,0.9752676423835346,0.9621374036244711,0.9483567337260488,0.9627830265410284,1173
ST,70-79,32,0.9583853979973036,0.8969334669312603,0.9636227375011048,0.9798389318690928,0.9606401898879088,0.9619055767629213,0.9636202328338007,853
ST,70-79,33,0.9592714512721866,0.8479860687774098,0.9641484878047254,0.9810984592923496,0.9564605033685334,0.9442641639454182,0.9676374442687514,680
ST,70-79,34,0.9534431254096889,0.8583155156608525,0.9622926632341919,0.9702805954433925,0.9514696458185267,0.9491283321499362,0.9562240066022307,477
ST,70-79,35,0.9481329199547933,0.8489784215418799,0.9564325019513651,0.9724953867728183,0.9511468049509118,0.9401544467405872,0.9501577136371183,353
ST,80-89,17,0.7311993244386251,0.8955812788113886,0.7176155276261726,0.6854501087406794,0.7628290453659072,0.6793063793987439,0.7840017171403061,8
ST,80-89,18,0.7952806630012828,0.8850011862786328,0.7924818202858973,0.7313158448425555,0.8142953201813287,0.6602118105369947,0.7840979156214286,18
ST,80-89,19,0.8291475275703108,0.909581134310784,0.8380440337710523,0.7856890505582242,0.8377415031263138,0.7901175529218563,0.8278602487884474,24
ST,80-89,20,0.8605629217432972,0.9228054369646826,0.8661969987575483,0.8234900909763673,0.8747898978177953,0.7925358779094763,0.862433308816759,39
ST,80-89,21,0.9066577338592393,0.9413993725262272,0.9107070010869434,0.8704101688657597,0.9228372552892925,0.831327072333323,0.9040826591680233,59
ST,80-89,22,0.9445978312689227,0.9620888687028366,0.940599331746991,0.9246520719041033,0.9568514019705885,0.8880019161594495,0.9418885292905883,93
ST,80-89,23,0.9646850616715554,0.971890053538294,0.9628128187447726,0.9455167464044201,0.9713373834153801,0.9185947844026521,0.9637735329414298,119
ST,80-89,24,0.9651748570325046,0.9693877641970126,0.9629595535428714,0.9568587413307333,0.9734211932115739,0.9014459571704159,0.9619890196223813,146
ST,80-89,25,0.9738708394638915,0.9617893784645314,0.9720607578778604,0.9685128731430992,0.9750348686567597,0.9283043323893438,0.9662270434352779,165
ST,80-89,26,0.9707406142878742,0.9576014933392084,0.9674077047598071,0.964972099695648,0.973094050535952,0.9081467631339996,0.9608135659228603,142
ST,80-89,27,0.9762262331384529,0.9629185403079231,0.9755341832532446,0.9747167060594237,0.978196543629948,0.9394226125485557,0.9728256070237129,170
ST,80-89,28,0.9706936444600689,0.9319736966592965,0.9727481874940944,0.9808669437805041,0.9740703584132663,0.9280269741395432,0.9720940789627195,243
ST,80-89,29,0.9677260667830934,0.9266710496766881,0.9722484392920747,0.9764884573198842,0.970125059148809,0.943342700388714,0.9711150343174423,227
ST,80-89,30,0.9689691118205348,0.9178218474554857,0.9703735799527219,0.9825104701626222,0.9752381613677142,0.9085042173649592,0.9624655296397021,191
ST,80-89,31,0.9616055849105868,0.8824608059700423,0.9674165761260468,0.9845607167739984,0.9651602808273169,0.9444768503459658,0.9575862838208382,197
ST,80-89,32,0.95444916521325,0.8688999597550465,0.9589521160392847,0.9784637055573896,0.9550703317151987,0.956026242567212,0.9535113855679523,158
ST,80-89,33,0.9498666004051713,0.8745999262270817,0.9585914188892976,0.9814924267737078,0.9601843161806346,0.939472696795622,0.9409754633557387,128
ST,80-89,34,0.951941814322243,0.8528258486261344,0.9587915145304853,0.9780521818066698,0.9628687621640913,0.9615393508623771,0.945724801899938,108
ST,80-89,35,0.9515916977813943,0.8193612777221566,0.9628019097099727,0.9849647781125175,0.9513861538272561,0.9423475465452135,0.9428592915318138,107
ST,90+,23,0.9851851851851853,0.9950573205090838,0.9845722904546435,0.978539156626506,0.9866465863453815,0.7985573823339781,0.9761904761904762,12
ST,90+,27,0.968900359071497,0.9891089447786556,0.9685445156209774,0.9513858721795226,0.9825516983732846,0.7705522971652004,0.9633523591142302,6
ST,90+,28,0.9847086952438123,0.9541534484456858,0.9914496131887436,0.9844799265385131,0.9863639511022145,0.9227324784396745,0.981357521977922,13
ST,90+,30,0.9812690449646972,0.9510523010651184,0.9666908858405023,0.980170163846599,0.9796931828307128,0.9539510489510489,0.9889098111904632,10
ST,90+,31,0.9757498540107236,0.9111189252658354,0.9774181091272546,0.9742267134230843,0.9881466523672879,0.9545571095571095,0.9692080770634988,5
ST,90+,32,0.9735271009184053,0.9051805104013939,0.9863618948101707,0.9903026741110784,0.9813813246717278,0.9961538461538462,0.9741092151411074,5
ST,90+,33,0.9796240681333849,0.9089847404328955,0.9873811837738689,0.997407749464758,0.9892382089551165,0.9859298434013803,0.9927011958629606,14
ST,90+,34,0.9306275053962381,0.8047374774111944,0.9621370253615302,1.0,0.9430349280867633,0.9408208655670706,0.938906862745098,20
ST,90+,35,0.9384040840100044,0.8799366964178161,0.9667365928004226,0.9664634146341463,0.9185349534186743,0.9181749622926093,0.961626481988144,12
W,50-59,16,0.9929865575686733,0.9969723691945914,0.9969401002202422,0.9917619479508949,0.9915836983937342,0.9955555555555555,0.9958112874779542,27
W,50-59,17,0.9810479269225985,0.9733628177075869,0.9894916755445129,0.9778134700017043,0.9799743033588095,0.9772059315747021,0.9782869916663514,101
W,50-59,18,0.9942346554619502,0.9920455578973623,0.9948509504892032,0.993275323282034,0.995056915916825,0.9875268634424299,0.9871707156272794,312
W,50-59,19,0.9943159445584625,0.9923649288647076,0.9957696796657679,0.9949212694511352,0.9945085082445376,0.9909297736365407,0.9879200412556209,417
W,50-59,20,0.9923180124129699,0.992668513672585,0.9927658732514592,0.9918152774794091,0.99280234774654,0.9755539284107392,0.9870965231107132,263
W,50-59,21,0.9956295464322449,0.9948222455786381,0.9949169722143519,0.9905491145242967,0.99617967150222,0.9642123116035404,0.9845174242840097,209
W,50-59,22,0.9972740320689281,0.9960091804592999,0.9910532925126531,0.9945145241581695,0.9981994163120056,0.9871933895052,0.9909779057111786,134
W,50-59,23,0.9961253274173707,0.9975426541015789,0.9986139012976567,0.9982654030273078,0.9989844628065521,0.9822878237640519,0.9952910320200679,81
W,50-59,24,0.9931600870479336,0.990730919012672,0.9909672046546149,0.994475588074492,0.9971281946047706,0.978033736378564,0.9918869339131013,75
W,50-59,25,0.9942552649533793,0.9924388154275304,0.9937422155331058,0.9923096586221026,0.9956528903741084,0.994107070015239,0.9913682200341056,66
W,50-59,26,0.9927205165692008,0.9945562617702448,0.9975490196078431,0.9890357402031931,0.9941461516694963,0.9631617647058823,0.9974662162162162,32
W,50-59,27,0.9936440677966102,0.9945325456053068,1.0,0.99,0.9936793785310735,0.9464285714285714,0.9699441687344913,8
W,50-59,28,1.0,1.0,0.9867724867724867,0.9947089947089947,1.0,0.979591836734694,1.0,7
W,50-59,29,0.9962264150943396,0.9864406779661017,1.0,1.0,0.9962264150943396,1.0,1.0,5
W,50-59,33,0.9960317460317459,1.0,1.0,1.0,0.9927140255009108,1.0,1.0,9
W,60-69,16,0.9717506816877153,0.9806759715844156,0.9621997523818588,0.9630332540390525,0.967967177034283,0.9673190235690236,0.9656629982880901,20
W,60-69,17,0.954585359395685,0.9673461626263304,0.9588515511012627,0.938219428648148,0.9601442309266369,0.9260190414741329,0.9454717373504342,104
W,60-69,18,0.9679281305447996,0.969370989640606,0.9681793045071309,0.9636743885073175,0.970836128978235,0.9439965390564766,0.9500503465572968,338
W,60-69,19,0.9776071124488547,0.9772585965374194,0.9787824194199517,0.9747423661653382,0.981956139496386,0.9596501441982097,0.9621036822341296,692
W,60-69,20,0.9820164880397251,0.9825790560402079,0.9791934238812467,0.9782456135444793,0.9863176000460405,0.9518230112911997,0.9679063167792055,772
W,60-69,21,0.9839496893049651,0.981125546799602,0.9818877564920039,0.9790359940982954,0.9863411742852636,0.95482597636567,0.9664950194150268,863
W,60-69,22,0.9852836818031583,0.9839274413671847,0.9823847464597596,0.9801363703633591,0.986665202425651,0.9503236577692551,0.9686169226204101,790
W,60-69,23,0.9859777352324212,0.9851040124183553,0.9851646831447494,0.9824122154182844,0.9851998118832626,0.9583704946273264,0.968543322743385,695
W,60-69,24,0.98534814083762,0.98633326197002,0.9806330908365011,0.9824667678677448,0.9835897661847102,0.9632990283661417,0.9741797992691547,593
W,60-69,25,0.9854095165331948,0.9821770256338826,0.9839642066707411,0.9838071638521513,0.9845474074042083,0.9552623055416525,0.973626031011137,552
W,60-69,26,0.9839122422361396,0.9812360027535925,0.9797329383170326,0.978774285005938,0.9841200530733732,0.9443066831824821,0.9731771642845639,404
W,60-69,27,0.9816218294652206,0.9808947563554505,0.9789562586627513,0.9780493601410836,0.9810678390927566,0.9524668274169551,0.9754675900506614,328
W,60-69,28,0.9839672355449838,0.9835056414768825,0.9777120223871548,0.9859494760605163,0.9764158854654653,0.9552837405981847,0.9829606055234067,250
W,60-69,29,0.9810011893318753,0.9794041610168105,0.980972834448871,0.9828396791415067,0.9798900173609766,0.9539737801330511,0.970569048813911,190
W,60-69,30,0.9832418145561336,0.9812394589398393,0.9826243471669858,0.9821314748035912,0.9768134685303118,0.9538128804431514,0.976664910174079,143
W,60-69,31,0.9800889676704941,0.9624047535387458,0.9730814401600933,0.9813855258632745,0.9720508642671292,0.9805449058834701,0.9738869067512768,141
W,60-69,32,0.9829424989964399,0.9612726372700735,0.9846183387798834,0.9834679370602757,0.9696406885714668,0.970225683589665,0.9769337251543574,84
W,60-69,33,0.9815072981837151,0.9701414292379251,0.9877085729643119,0.9914224377363468,0.9842293227095406,0.9602692940523677,0.9741388552024773,43
W,60-69,34,0.9663060713229257,0.9480295986010266,0.9748221979058281,0.9818781531955443,0.9617480788218894,0.959685779257129,0.9505271762978118,34
W,60-69,35,0.9776465311004784,0.9365306417523067,0.972731755784614,0.9886580705383584,0.9747614481770713,0.9850149970730059,0.9528425960004908,19
W,70-79,17,0.8514449146145756,0.8964513034488485,0.8371398705363653,0.816163744264841,0.8867140241279521,0.7467031985593539,0.793370773519621,19
W,70-79,18,0.8947115978178116,0.9314589545274773,0.8854224720330008,0.8643479869766781,0.9155382806394301,0.8183692502374923,0.8532359115887541,89
W,70-79,19,0.9411623944963208,0.9643528391896825,0.9301580118384561,0.9265609363233571,0.9531013153135102,0.8811384905876511,0.9166197895310769,207
W,70-79,20,0.9512625247898092,0.9667982308527863,0.9423540815074732,0.9361614985835376,0.960897881808069,0.8940580049576786,0.9251011933971205,280
W,70-79,21,0.9546019376804952,0.9673361137647057,0.942794292858313,0.9414173452429522,0.963571729859127,0.8701172592278482,0.9246162167777907,354
W,70-79,22,0.9670560981336745,0.9745541546436506,0.9557756073359329,0.9585338590002187,0.972045287745485,0.8907669158106506,0.9467795834491611,399
W,70-79,23,0.9704343322863398,0.9754032735433646,0.9646455973043545,0.967191220171567,0.9724179718542314,0.9222969770655636,0.9566753773504828,455
W,70-79,24,0.9726182554409791,0.9717790152867581,0.9640773008971772,0.9696227640295717,0.9732254291151813,0.9157102395844743,0.9618450582339306,450
W,70-79,25,0.9772281219335074,0.9723282831657201,0.9779371266048758,0.9764790561489508,0.9735333873154433,0.9406238192392442,0.970004643220459,496
W,70-79,26,0.978246562550349,0.9591530043442202,0.9781375491679943,0.9798582994713168,0.9755231355422946,0.9347979955058724,0.9617111713519422,437
W,70-79,27,0.9750301090363395,0.9689200613840329,0.9718094014644298,0.9801884776937223,0.9730100419989166,0.9504469620291247,0.9616714924806522,423
W,70-79,28,0.9643538156557164,0.9617273909009946,0.9606693359221717,0.968753331126728,0.9645913497932175,0.9485783123312704,0.9377835272201976,344
W,70-79,29,0.9675944323932557,0.9617896316071479,0.9630372907430256,0.972177022593094,0.9635292396275739,0.9417889031167942,0.9659035119553543,240
W,70-79,30,0.9722491601773473,0.9525923696669683,0.9773645575363159,0.9814729994304618,0.9686132086973095,0.9308310186385365,0.9649096687261467,354
W,70-79,31,0.9662160689681903,0.9448052344408211,0.9722498021027516,0.9783341637563391,0.9566123364572329,0.9596506617804031,0.9434546516361241,246
W,70-79,32,0.9617280046642177,0.9283764654292965,0.968384449139249,0.9795088146474861,0.9552871983071135,0.9559639913209182,0.9377346774391128,151
W,70-79,33,0.955241679584574,0.9387921570438756,0.9633586322157315,0.9617356676295533,0.9610678490280626,0.9610830586813075,0.9650994751467598,65
W,70-79,34,0.9777584949990077,0.9441617022390353,0.9868415867404177,0.9898859800348596,0.9821993678874352,0.9436707953308175,0.9613695335302075,81
W,70-79,35,0.9602262556220107,0.877261664280662,0.9736318659137484,0.9749469258421,0.9489233537030941,0.9744584644527438,0.9644107336761023,45
W,80-89,17,0.7884890537826259,0.917234483376659,0.8034682839904917,0.7430805293810201,0.8249242623752429,0.8145761833261833,0.7478774030788328,5
W,80-89,18,0.8257024884444256,0.9163705176395053,0.8153932231308679,0.7974449491864855,0.8721113327941846,0.8066151398876177,0.793973256320239,12
W,80-89,19,0.877082835149505,0.9393673068963456,0.8373586471941223,0.8596579524193854,0.9108344038319449,0.7712626971470516,0.8483898349900837,21
W,80-89,20,0.915268930497011,0.9586751947705259,0.8913398659254257,0.9045974748916613,0.9443385619559193,0.7860405414469616,0.8909207446862407,31
W,80-89,21,0.9555782800886958,0.9787667698200866,0.9430159400327027,0.9432416015603874,0.9699890142412768,0.8736356211403182,0.9305487976407191,58
W,80-89,22,0.9726498711140485,0.9674774303224392,0.9639995641519126,0.9677608192186876,0.9791677160539177,0.9112094079838333,0.9494292403028877,88
W,80-89,23,0.979800016398611,0.9818629248721784,0.9732393004194018,0.9711350155022437,0.988184487857928,0.8968876054170403,0.9569664312198589,75
W,80-89,24,0.975755712056229,0.9797059900204705,0.9774307625648558,0.9712279411735817,0.9825445719528717,0.9398124849212061,0.9602576337663329,88
W,80-89,25,0.9851674429028014,0.9850782952093038,0.9790400624002594,0.9813785732397348,0.9876409760054383,0.942095863167685,0.9726182829845549,86
W,80-89,26,0.9761407740971553,0.9779304133958809,0.9751172136173747,0.976389691281724,0.9785315656557191,0.9312991245883779,0.9727712688010676,69
W,80-89,27,0.9728056042166775,0.9637388985032589,0.9688043955755345,0.9797358242424359,0.9777626341822196,0.9408403457509017,0.9741763928489642,76
W,80-89,28,0.9771712985886915,0.9649553275275261,0.9812795570460245,0.9825683489136677,0.979874592283293,0.9546780113317019,0.9753046909259953,80
W,80-89,29,0.9650297142098757,0.9567401704998298,0.9694859860052075,0.9757940417017753,0.9651308185055095,0.9435051033325705,0.9705499476781896,118
W,80-89,30,0.973347182941247,0.9335256161211475,0.9804955323572708,0.9804439419077264,0.9804487434347043,0.9462587116328056,0.9559296852597435,53
W,80-89,31,0.9703803585961487,0.944013844855236,0.9773559288898102,0.9864232763695369,0.983818613436513,0.9589672523086721,0.9558919699777606,43
W,80-89,32,0.9813367785010453,0.9440209284469762,0.9816421775486944,0.9809073165214914,0.9859780372578487,0.9205871615718929,0.9550680099956562,11
W,80-89,33,0.9792328584006925,0.9070689802153211,0.9812113443567578,0.9840099280163748,0.9777771869727799,0.9615116243405718,0.9702972739870955,26
W,80-89,34,0.9582645276764644,0.8936668095043533,0.9702581538376194,0.9812144371284356,0.9922148802739329,0.8681087629221045,0.9054497298056875,24
W,90+,26,0.9844688644688645,0.9935463970098943,0.9699640320580526,0.9688363617397201,0.9868557919621749,0.9151915876915877,0.9535812232727656,5
W,90+,27,0.9933333333333334,0.995720823798627,0.9838701787864068,0.990060975609756,0.9955555555555555,0.941425353925354,0.9613224306557641,5
W,90+,28,0.9944847020933977,0.9963962911017609,0.9871356456603159,0.9851822056451449,0.9945715184278526,0.9077487514987514,0.9643768491198011,6
W,90+,29,0.978067247202968,0.9724106325480513,0.9820971441309121,0.977172123882842,0.9872249070639654,0.9198696145124716,0.9764412365780525,7
W,90+,30,0.9791606045306324,0.9552807389210283,0.9851935791837604,0.9833261209705717,0.9853149584861348,0.9530753968253969,0.9752300551769119,22
W,90+,31,0.9307692307692308,0.9198038520619166,0.9629325813893873,0.956920022688599,0.9329787234042553,0.9942857142857143,0.946268656716418,10
W,90+,32,0.9199999999999999,0.8640067911714769,0.9625725338491297,0.9714285714285715,0.9337848198313313,0.8926984126984128,0.8814814814814815,10
W,90+,35,0.9680851063829787,0.8709677419354839,0.9673913043478259,0.9782608695652174,0.9791666666666666,0.8717948717948718,0.9696969696969696,9
